Common Name,Species,Class,Thoracic,C4,node,Mammalia,Reptilia,Aves,Amphibia
Common Toad,Bufo bufo,Amphibia,7.0,-48513.0,0,0,0,0,1
Asiatic Toad,Bufo gargarizans,Amphibia,7.0,71255.0,0,0,0,0,1
Common Frog,Rana temporaria,Amphibia,7.0,116907.0,0,0,0,0,1
Western Clawed Frog,Xenopus tropicalis,Amphibia,7.0,47702.0,0,0,0,0,1
Western European Hedgehog,Erinaceus europaeus,Mammalia,15.0,23266.0,0,1,0,0,0
Suricate,Suricata suricatta,Mammalia,15.0,22629.0,0,1,0,0,0
Cat,Felis catus,Mammalia,13.0,-30297.0,0,1,0,0,0
Tiger,Panthera tigris,Mammalia,13.0,17738.0,0,1,0,0,0
Lion,Panthera leo,Mammalia,13.0,17729.0,0,1,0,0,0
Leopard,Panthera pardus,Mammalia,13.0,4778.0,0,1,0,0,0
Fox,Vulpes vulpes,Mammalia,13.0,18181.0,0,1,0,0,0
Ermine,Mustela erminea,Mammalia,14.0,-42048.0,0,1,0,0,0
American Black Bear,Ursus americanus,Mammalia,14.0,23402.0,0,1,0,0,0
Horse,Equus caballus,Mammalia,19.0,14585.0,0,1,0,0,0
Alpaca,Vicugna pacos,Mammalia,12.0,22611.0,0,1,0,0,0
Two-Humped Camel,Camelus ferus,Mammalia,12.0,-40229.0,0,1,0,0,0
Narwhal,Monodon monoceros,Mammalia,12.0,17037.0,0,1,0,0,0
Orca,Orcinus orca,Mammalia,11.0,-19097.0,0,1,0,0,0
Bottle-Nose Dolphin,Tursiops truncatus,Mammalia,13.0,23436.0,0,1,0,0,0
North Pacific Minke Whale,Balaenoptera acutorostrata scammoni,Mammalia,10.5,19202.0,0,1,0,0,0
Cattle,Bos taurus,Mammalia,13.0,22191.0,0,1,0,0,0
Goat,Capra hircus,Mammalia,13.0,22331.0,0,1,0,0,0
Sheep,Ovis aries,Mammalia,13.0,22190.0,0,1,0,0,0
Wild Boar,Sus scrofa,Mammalia,14.25,2228.0,0,1,0,0,0
Flying Fox,Pteropus vampyrus,Mammalia,14.0,22720.0,0,1,0,0,0
Rabbit,Oryctolagus cuniculus,Mammalia,12.0,16119.0,0,1,0,0,0
Norway Rat,Rattus norvegicus,Mammalia,12.5,-19131.0,0,1,0,0,0
House Mouse,Mus musculus,Mammalia,13.0,670.0,0,1,0,0,0
Guinea Pig,Cavia porcellus,Mammalia,13.5,22272.0,0,1,0,0,0
Lemur,Lemur catta,Mammalia,12.0,22443.0,0,1,0,0,0
Common Marmoset,Callithrix jacchus,Mammalia,13.0,24371.0,0,1,0,0,0
Gorilla,Gorilla gorilla,Mammalia,12.0,23027.0,0,1,0,0,0
Human,Homo sapiens,Mammalia,12.0,-18473.0,0,1,0,0,0
Chimpanzee,Pan troglodytes,Mammalia,13.0,-60.0,0,1,0,0,0
Rhesus Monkey,Macaca mulatta,Mammalia,12.0,27.0,0,1,0,0,0
Pig-Tailed Macaque,Macaca nemestrina,Mammalia,12.0,25657.0,0,1,0,0,0
African Bush Elephant,Loxodonta africana,Mammalia,20.5,17739.0,0,1,0,0,0
Linne'S Two-Toed Sloth,Choloepus didactylus,Mammalia,23.0,22386.0,0,1,0,0,0
Short-Beaked Echidna,Tachyglossus aculeatus,Mammalia,16.0,20812.0,0,1,0,0,0
Platypus,Ornithorhynchus anatinus,Mammalia,17.0,20701.0,0,1,0,0,0
Okarito Kiwi,Apteryx rowi,Aves,8.0,21393.0,0,0,0,1,0
Common Pheasant,Phasianus colchicus,Aves,5.5,21399.0,0,0,0,1,0
Black Swan,Cygnus atratus,Aves,7.5,19087.0,0,0,0,1,0
Mute Swan,Cygnus olor,Aves,6.5,21888.0,0,0,0,1,0
Swan Goose,Anser cygnoides,Aves,6.0,30923.0,0,0,0,1,0
Mallard,Anas platyrhynchos,Aves,6.0,22507.0,0,0,0,1,0
Common Cuckoo,Cuculus canorus,Aves,5.0,18630.0,0,0,0,1,0
White Or Black-Backed Wagtail,Motacilla alba alba,Aves,5.0,33728.0,0,0,0,1,0
Zebra Finch,Taeniopygia guttata,Aves,7.0,32740.0,0,0,0,1,0
Kakapo,Strigops habroptila,Aves,7.0,1331.0,0,0,0,1,0
Ruff,Calidris pugnax,Aves,8.0,17276.0,0,0,0,1,0
Emperor Penguin,Aptenodytes forsteri,Aves,8.5,19445.0,0,0,0,1,0
American Alligator,Alligator mississippiensis,Reptilia,20.0,-49335.0,0,0,1,0,0
Chinese Soft-Shelled Turtle,Pelodiscus sinensis,Reptilia,10.0,56180.0,0,0,1,0,0
Green Sea Turtle,Chelonia mydas,Reptilia,9.5,19616.0,0,0,1,0,0
Viviparous (Common) Lizard,Zootoca vivipara,Reptilia,20.0,34848.0,0,0,1,0,0
Sand Lizard,Lacerta agilis,Reptilia,20.0,-869.0,0,0,1,0,0
Common Wall Lizard,Podarcis muralis,Reptilia,20.0,-46582.0,0,0,1,0,0
Central Bearded Dragon,Pogona vitticeps,Reptilia,16.0,32284.0,0,0,1,0,0
Komodo Dragon,Varanus komodoensis,Reptilia,25.0,25493.0,0,0,1,0,0
Axolotl,Ambystoma mexicanum,Amphibia,15.5,20047.0,0,0,0,0,1
Iberian Ribbed Newt,Pleurodeles waltl,Amphibia,12.0,21856.0,0,0,0,0,1
African Clawed Frog,Xenopus laevis,Amphibia,7.0,52082.0,0,0,0,0,1
European Fire-Bellied Toad,Bombina bombina,Amphibia,7.0,87511.0,0,0,0,0,1
Painted Frog,Discoglossus pictus,Amphibia,7.0,40153.0,0,0,0,0,1
Golden Pheasant,Chrysolophus pictus,Aves,7.0,25131.0,0,0,0,1,0
Bar-Headed Goose,Anser indicus,Aves,9.0,19752.0,0,0,0,1,0
Eastern Spot-Billed Duck,Anas zonorhyncha,Aves,6.0,20720.0,0,0,0,1,0
Brown Falcon,Falco berigora,Aves,7.0,19252.0,0,0,0,1,0
Merlin,Falco columbarius,Aves,7.0,18440.0,0,0,0,1,0
California Condor,Gymnogyps californianus,Aves,5.0,20685.0,0,0,0,1,0
Steller'S Sea Eagle,Haliaeetus pelagicus,Aves,6.0,19948.0,0,0,0,1,0
Oriental Scops Owl,Otus sunia,Aves,5.0,526.0,0,0,0,1,0
European Golden-Plover,Pluvialis apricaria,Aves,6.0,22366.0,0,0,0,1,0
Atlantic Puffin,Fratercula arctica,Aves,7.0,21775.0,0,0,0,1,0
Razorbill,Alca torda,Aves,8.0,188.0,0,0,0,1,0
Eurasian Coot,Fulica atra,Aves,8.0,-591.0,0,0,0,1,0
Royal Penguin,Eudyptes schlegeli,Aves,7.0,3143.0,0,0,0,1,0
West African Mud Turtle,Pelusios castaneus,Reptilia,7.0,24280.0,0,0,1,0,0
Snapping Turtle,Chelydra serpentina,Reptilia,9.0,19192.0,0,0,1,0,0
Regal Horned Lizard,Sphenodon punctatus,Reptilia,21.0,24536.0,0,0,1,0,0
Argentine Black And White Tegu,Salvator merianae,Reptilia,22.0,30132.0,0,0,1,0,0
Desert Horned Lizard,Phrynosoma platyrhinos,Reptilia,19.0,27380.0,0,0,1,0,0
Chinese Crocodile Lizard,Shinisaurus crocodilurus,Reptilia,22.67,33488.0,0,0,1,0,0
Common Leopard Gecko,Eublepharis macularius,Reptilia,23.0,24415.0,0,0,1,0,0
Lion+Leopard,Panthera leo+Panthera pardus,Mammalia+Mammalia,12.999999999999998,11253.5,49,2,0,0,0
Tiger+Lion+Leopard,Panthera tigris+Panthera leo+Panthera pardus,Mammalia+Mammalia+Mammalia,13.0,14471.932866295852,57,3,0,0,0
Cat+Tiger+Lion+Leopard,Felis catus+Panthera tigris+Panthera leo+Panthera pardus,Mammalia+Mammalia+Mammalia+Mammalia,13.0,-3254.4679910320124,60,4,0,0,0
Suricate+Cat+Tiger+Lion+Leopard,Suricata suricatta+Felis catus+Panthera tigris+Panthera leo+Panthera pardus,Mammalia+Mammalia+Mammalia+Mammalia+Mammalia,13.892161122758525,8291.64394084969,56,5,0,0,0
Ermine+American Black Bear,Mustela erminea+Ursus americanus,Mammalia+Mammalia,14.0,-9322.999999999998,48,2,0,0,0
Fox+Ermine+American Black Bear,Vulpes vulpes+Mustela erminea+Ursus americanus,Mammalia+Mammalia+Mammalia,13.642999714856002,495.9358426005141,63,3,0,0,0
Suricate+Cat+Tiger+Lion+Leopard+Fox+Ermine+American Black Bear,Suricata suricatta+Felis catus+Panthera tigris+Panthera leo+Panthera pardus+Vulpes vulpes+Mustela erminea+Ursus americanus,Mammalia+Mammalia+Mammalia+Mammalia+Mammalia+Mammalia+Mammalia+Mammalia,13.75024134453235,3851.2886958980403,47,8,0,0,0
Suricate+Cat+Tiger+Lion+Leopard+Fox+Ermine+American Black Bear+Horse,Suricata suricatta+Felis catus+Panthera tigris+Panthera leo+Panthera pardus+Vulpes vulpes+Mustela erminea+Ursus americanus+Equus caballus,Mammalia+Mammalia+Mammalia+Mammalia+Mammalia+Mammalia+Mammalia+Mammalia+Mammalia,15.395932905627205,7216.086826949551,68,9,0,0,0
Alpaca+Two-Humped Camel,Vicugna pacos+Camelus ferus,Mammalia+Mammalia,12.0,-8809.0,73,2,0,0,0
Orca+Bottle-Nose Dolphin,Orcinus orca+Tursiops truncatus,Mammalia+Mammalia,12.0,2169.4999999999995,72,2,0,0,0
Narwhal+Orca+Bottle-Nose Dolphin,Monodon monoceros+Orcinus orca+Tursiops truncatus,Mammalia+Mammalia+Mammalia,12.0,8420.635293416068,84,3,0,0,0
Narwhal+Orca+Bottle-Nose Dolphin+North Pacific Minke Whale,Monodon monoceros+Orcinus orca+Tursiops truncatus+Balaenoptera acutorostrata scammoni,Mammalia+Mammalia+Mammalia+Mammalia,11.380898550881753,12870.474302295032,87,4,0,0,0
Goat+Sheep,Capra hircus+Ovis aries,Mammalia+Mammalia,12.999999999999998,22260.499999999996,83,2,0,0,0
Cattle+Goat+Sheep,Bos taurus+Capra hircus+Ovis aries,Mammalia+Mammalia+Mammalia,12.999999999999998,22229.123297937153,82,3,0,0,0
Narwhal+Orca+Bottle-Nose Dolphin+North Pacific Minke Whale+Cattle+Goat+Sheep,Monodon monoceros+Orcinus orca+Tursiops truncatus+Balaenoptera acutorostrata scammoni+Bos taurus+Capra hircus+Ovis aries,Mammalia+Mammalia+Mammalia+Mammalia+Mammalia+Mammalia+Mammalia,12.109629454486011,17082.64812427725,80,7,0,0,0
Narwhal+Orca+Bottle-Nose Dolphin+North Pacific Minke Whale+Cattle+Goat+Sheep+Wild Boar,Monodon monoceros+Orcinus orca+Tursiops truncatus+Balaenoptera acutorostrata scammoni+Bos taurus+Capra hircus+Ovis aries+Sus scrofa,Mammalia+Mammalia+Mammalia+Mammalia+Mammalia+Mammalia+Mammalia+Mammalia,12.720949646443627,12839.949885961076,79,8,0,0,0
Alpaca+Two-Humped Camel+Narwhal+Orca+Bottle-Nose Dolphin+North Pacific Minke Whale+Cattle+Goat+Sheep+Wild Boar,Vicugna pacos+Camelus ferus+Monodon monoceros+Orcinus orca+Tursiops truncatus+Balaenoptera acutorostrata scammoni+Bos taurus+Capra hircus+Ovis aries+Sus scrofa,Mammalia+Mammalia+Mammalia+Mammalia+Mammalia+Mammalia+Mammalia+Mammalia+Mammalia+Mammalia,12.526167890742693,6990.969324461116,94,10,0,0,0
Suricate+Cat+Tiger+Lion+Leopard+Fox+Ermine+American Black Bear+Horse+Alpaca+Two-Humped Camel+Narwhal+Orca+Bottle-Nose Dolphin+North Pacific Minke Whale+Cattle+Goat+Sheep+Wild Boar,Suricata suricatta+Felis catus+Panthera tigris+Panthera leo+Panthera pardus+Vulpes vulpes+Mustela erminea+Ursus americanus+Equus caballus+Vicugna pacos+Camelus ferus+Monodon monoceros+Orcinus orca+Tursiops truncatus+Balaenoptera acutorostrata scammoni+Bos taurus+Capra hircus+Ovis aries+Sus scrofa,Mammalia+Mammalia+Mammalia+Mammalia+Mammalia+Mammalia+Mammalia+Mammalia+Mammalia+Mammalia+Mammalia+Mammalia+Mammalia+Mammalia+Mammalia+Mammalia+Mammalia+Mammalia+Mammalia,14.001168628620196,7106.67513331911,92,19,0,0,0
Suricate+Cat+Tiger+Lion+Leopard+Fox+Ermine+American Black Bear+Horse+Alpaca+Two-Humped Camel+Narwhal+Orca+Bottle-Nose Dolphin+North Pacific Minke Whale+Cattle+Goat+Sheep+Wild Boar+Flying Fox,Suricata suricatta+Felis catus+Panthera tigris+Panthera leo+Panthera pardus+Vulpes vulpes+Mustela erminea+Ursus americanus+Equus caballus+Vicugna pacos+Camelus ferus+Monodon monoceros+Orcinus orca+Tursiops truncatus+Balaenoptera acutorostrata scammoni+Bos taurus+Capra hircus+Ovis aries+Sus scrofa+Pteropus vampyrus,Mammalia+Mammalia+Mammalia+Mammalia+Mammalia+Mammalia+Mammalia+Mammalia+Mammalia+Mammalia+Mammalia+Mammalia+Mammalia+Mammalia+Mammalia+Mammalia+Mammalia+Mammalia+Mammalia+Mammalia,14.000957281287048,9930.356254175169,78,20,0,0,0
Western European Hedgehog+Suricate+Cat+Tiger+Lion+Leopard+Fox+Ermine+American Black Bear+Horse+Alpaca+Two-Humped Camel+Narwhal+Orca+Bottle-Nose Dolphin+North Pacific Minke Whale+Cattle+Goat+Sheep+Wild Boar+Flying Fox,Erinaceus europaeus+Suricata suricatta+Felis catus+Panthera tigris+Panthera leo+Panthera pardus+Vulpes vulpes+Mustela erminea+Ursus americanus+Equus caballus+Vicugna pacos+Camelus ferus+Monodon monoceros+Orcinus orca+Tursiops truncatus+Balaenoptera acutorostrata scammoni+Bos taurus+Capra hircus+Ovis aries+Sus scrofa+Pteropus vampyrus,Mammalia+Mammalia+Mammalia+Mammalia+Mammalia+Mammalia+Mammalia+Mammalia+Mammalia+Mammalia+Mammalia+Mammalia+Mammalia+Mammalia+Mammalia+Mammalia+Mammalia+Mammalia+Mammalia+Mammalia+Mammalia,14.188347866505966,12431.724853328267,98,21,0,0,0
Norway Rat+House Mouse,Rattus norvegicus+Mus musculus,Mammalia+Mammalia,12.759039222889225,-8872.528695140922,97,2,0,0,0
Norway Rat+House Mouse+Guinea Pig,Rattus norvegicus+Mus musculus+Cavia porcellus,Mammalia+Mammalia+Mammalia,13.112807135726522,5997.266377876949,77,3,0,0,0
Rabbit+Norway Rat+House Mouse+Guinea Pig,Oryctolagus cuniculus+Rattus norvegicus+Mus musculus+Cavia porcellus,Mammalia+Mammalia+Mammalia+Mammalia,12.723828124959704,9535.293593175316,71,4,0,0,0
Human+Chimpanzee,Homo sapiens+Pan troglodytes,Mammalia+Mammalia,12.482709520914762,-9584.869591396524,67,2,0,0,0
Gorilla+Human+Chimpanzee,Gorilla gorilla+Homo sapiens+Pan troglodytes,Mammalia+Mammalia+Mammalia,12.309986159506526,2084.3258430721244,66,3,0,0,0
Rhesus Monkey+Pig-Tailed Macaque,Macaca mulatta+Macaca nemestrina,Mammalia+Mammalia,11.999999999999998,10626.153130737774,46,2,0,0,0
Gorilla+Human+Chimpanzee+Rhesus Monkey+Pig-Tailed Macaque,Gorilla gorilla+Homo sapiens+Pan troglodytes+Macaca mulatta+Macaca nemestrina,Mammalia+Mammalia+Mammalia+Mammalia+Mammalia,12.164031215758843,6106.189023216444,32,5,0,0,0
Common Marmoset+Gorilla+Human+Chimpanzee+Rhesus Monkey+Pig-Tailed Macaque,Callithrix jacchus+Gorilla gorilla+Homo sapiens+Pan troglodytes+Macaca mulatta+Macaca nemestrina,Mammalia+Mammalia+Mammalia+Mammalia+Mammalia+Mammalia,12.482554475241866,13065.500466223746,106,6,0,0,0
Lemur+Common Marmoset+Gorilla+Human+Chimpanzee+Rhesus Monkey+Pig-Tailed Macaque,Lemur catta+Callithrix jacchus+Gorilla gorilla+Homo sapiens+Pan troglodytes+Macaca mulatta+Macaca nemestrina,Mammalia+Mammalia+Mammalia+Mammalia+Mammalia+Mammalia+Mammalia,12.294246240459252,16724.901579424695,104,7,0,0,0
Rabbit+Norway Rat+House Mouse+Guinea Pig+Lemur+Common Marmoset+Gorilla+Human+Chimpanzee+Rhesus Monkey+Pig-Tailed Macaque,Oryctolagus cuniculus+Rattus norvegicus+Mus musculus+Cavia porcellus+Lemur catta+Callithrix jacchus+Gorilla gorilla+Homo sapiens+Pan troglodytes+Macaca mulatta+Macaca nemestrina,Mammalia+Mammalia+Mammalia+Mammalia+Mammalia+Mammalia+Mammalia+Mammalia+Mammalia+Mammalia+Mammalia,12.52662891588148,12835.677197850724,103,11,0,0,0
Western European Hedgehog+Suricate+Cat+Tiger+Lion+Leopard+Fox+Ermine+American Black Bear+Horse+Alpaca+Two-Humped Camel+Narwhal+Orca+Bottle-Nose Dolphin+North Pacific Minke Whale+Cattle+Goat+Sheep+Wild Boar+Flying Fox+Rabbit+Norway Rat+House Mouse+Guinea Pig+Lemur+Common Marmoset+Gorilla+Human+Chimpanzee+Rhesus Monkey+Pig-Tailed Macaque,Erinaceus europaeus+Suricata suricatta+Felis catus+Panthera tigris+Panthera leo+Panthera pardus+Vulpes vulpes+Mustela erminea+Ursus americanus+Equus caballus+Vicugna pacos+Camelus ferus+Monodon monoceros+Orcinus orca+Tursiops truncatus+Balaenoptera acutorostrata scammoni+Bos taurus+Capra hircus+Ovis aries+Sus scrofa+Pteropus vampyrus+Oryctolagus cuniculus+Rattus norvegicus+Mus musculus+Cavia porcellus+Lemur catta+Callithrix jacchus+Gorilla gorilla+Homo sapiens+Pan troglodytes+Macaca mulatta+Macaca nemestrina,Mammalia+Mammalia+Mammalia+Mammalia+Mammalia+Mammalia+Mammalia+Mammalia+Mammalia+Mammalia+Mammalia+Mammalia+Mammalia+Mammalia+Mammalia+Mammalia+Mammalia+Mammalia+Mammalia+Mammalia+Mammalia+Mammalia+Mammalia+Mammalia+Mammalia+Mammalia+Mammalia+Mammalia+Mammalia+Mammalia+Mammalia+Mammalia,13.395544893418364,12624.449754011837,31,32,0,0,0
African Bush Elephant+Linne'S Two-Toed Sloth,Loxodonta africana+Choloepus didactylus,Mammalia+Mammalia,21.75,20062.499999999996,30,2,0,0,0
Western European Hedgehog+Suricate+Cat+Tiger+Lion+Leopard+Fox+Ermine+American Black Bear+Horse+Alpaca+Two-Humped Camel+Narwhal+Orca+Bottle-Nose Dolphin+North Pacific Minke Whale+Cattle+Goat+Sheep+Wild Boar+Flying Fox+Rabbit+Norway Rat+House Mouse+Guinea Pig+Lemur+Common Marmoset+Gorilla+Human+Chimpanzee+Rhesus Monkey+Pig-Tailed Macaque+African Bush Elephant+Linne'S Two-Toed Sloth,Erinaceus europaeus+Suricata suricatta+Felis catus+Panthera tigris+Panthera leo+Panthera pardus+Vulpes vulpes+Mustela erminea+Ursus americanus+Equus caballus+Vicugna pacos+Camelus ferus+Monodon monoceros+Orcinus orca+Tursiops truncatus+Balaenoptera acutorostrata scammoni+Bos taurus+Capra hircus+Ovis aries+Sus scrofa+Pteropus vampyrus+Oryctolagus cuniculus+Rattus norvegicus+Mus musculus+Cavia porcellus+Lemur catta+Callithrix jacchus+Gorilla gorilla+Homo sapiens+Pan troglodytes+Macaca mulatta+Macaca nemestrina+Loxodonta africana+Choloepus didactylus,Mammalia+Mammalia+Mammalia+Mammalia+Mammalia+Mammalia+Mammalia+Mammalia+Mammalia+Mammalia+Mammalia+Mammalia+Mammalia+Mammalia+Mammalia+Mammalia+Mammalia+Mammalia+Mammalia+Mammalia+Mammalia+Mammalia+Mammalia+Mammalia+Mammalia+Mammalia+Mammalia+Mammalia+Mammalia+Mammalia+Mammalia+Mammalia+Mammalia+Mammalia,15.553234183994872,14545.460897622534,111,34,0,0,0
Short-Beaked Echidna+Platypus,Tachyglossus aculeatus+Ornithorhynchus anatinus,Mammalia+Mammalia,16.5,20756.5,29,2,0,0,0
Western European Hedgehog+Suricate+Cat+Tiger+Lion+Leopard+Fox+Ermine+American Black Bear+Horse+Alpaca+Two-Humped Camel+Narwhal+Orca+Bottle-Nose Dolphin+North Pacific Minke Whale+Cattle+Goat+Sheep+Wild Boar+Flying Fox+Rabbit+Norway Rat+House Mouse+Guinea Pig+Lemur+Common Marmoset+Gorilla+Human+Chimpanzee+Rhesus Monkey+Pig-Tailed Macaque+African Bush Elephant+Linne'S Two-Toed Sloth+Short-Beaked Echidna+Platypus,Erinaceus europaeus+Suricata suricatta+Felis catus+Panthera tigris+Panthera leo+Panthera pardus+Vulpes vulpes+Mustela erminea+Ursus americanus+Equus caballus+Vicugna pacos+Camelus ferus+Monodon monoceros+Orcinus orca+Tursiops truncatus+Balaenoptera acutorostrata scammoni+Bos taurus+Capra hircus+Ovis aries+Sus scrofa+Pteropus vampyrus+Oryctolagus cuniculus+Rattus norvegicus+Mus musculus+Cavia porcellus+Lemur catta+Callithrix jacchus+Gorilla gorilla+Homo sapiens+Pan troglodytes+Macaca mulatta+Macaca nemestrina+Loxodonta africana+Choloepus didactylus+Tachyglossus aculeatus+Ornithorhynchus anatinus,Mammalia+Mammalia+Mammalia+Mammalia+Mammalia+Mammalia+Mammalia+Mammalia+Mammalia+Mammalia+Mammalia+Mammalia+Mammalia+Mammalia+Mammalia+Mammalia+Mammalia+Mammalia+Mammalia+Mammalia+Mammalia+Mammalia+Mammalia+Mammalia+Mammalia+Mammalia+Mammalia+Mammalia+Mammalia+Mammalia+Mammalia+Mammalia+Mammalia+Mammalia+Mammalia+Mammalia,15.908202635812945,16874.149679031274,28,36,0,0,0
Black Swan+Mute Swan,Cygnus atratus+Cygnus olor,Aves+Aves,7.0,20487.5,212,0,0,2,0
Bar-Headed Goose+Swan Goose,Anser indicus+Anser cygnoides,Aves+Aves,7.499999999999999,25337.5,213,0,0,2,0
Black Swan+Mute Swan+Bar-Headed Goose+Swan Goose,Cygnus atratus+Cygnus olor+Anser indicus+Anser cygnoides,Aves+Aves+Aves+Aves,7.263402615513365,23042.505370479637,211,0,0,4,0
Eastern Spot-Billed Duck+Mallard,Anas zonorhyncha+Anas platyrhynchos,Aves+Aves,6.0,21613.5,206,0,0,2,0
Black Swan+Mute Swan+Bar-Headed Goose+Swan Goose+Eastern Spot-Billed Duck+Mallard,Cygnus atratus+Cygnus olor+Anser indicus+Anser cygnoides+Anas zonorhyncha+Anas platyrhynchos,Aves+Aves+Aves+Aves+Aves+Aves,6.688956325768914,22392.762507027226,205,0,0,6,0
Golden Pheasant+Common Pheasant,Chrysolophus pictus+Phasianus colchicus,Aves+Aves,6.25,23265.000000000004,220,0,0,2,0
Black Swan+Mute Swan+Bar-Headed Goose+Swan Goose+Eastern Spot-Billed Duck+Mallard+Golden Pheasant+Common Pheasant,Cygnus atratus+Cygnus olor+Anser indicus+Anser cygnoides+Anas zonorhyncha+Anas platyrhynchos+Chrysolophus pictus+Phasianus colchicus,Aves+Aves+Aves+Aves+Aves+Aves+Aves+Aves,6.493030518325265,22782.081045253013,204,0,0,8,0
Brown Falcon+Merlin,Falco berigora+Falco columbarius,Aves+Aves,7.0,18845.999999999996,188,0,0,2,0
White Or Black-Backed Wagtail+Zebra Finch,Motacilla alba alba+Taeniopygia guttata,Aves+Aves,6.0,33234.0,151,0,0,2,0
White Or Black-Backed Wagtail+Zebra Finch+Kakapo,Motacilla alba alba+Taeniopygia guttata+Strigops habroptila,Aves+Aves+Aves,6.449582978453887,18890.95423838565,20,0,0,3,0
Brown Falcon+Merlin+White Or Black-Backed Wagtail+Zebra Finch+Kakapo,Falco berigora+Falco columbarius+Motacilla alba alba+Taeniopygia guttata+Strigops habroptila,Aves+Aves+Aves+Aves+Aves,6.627651943426554,18876.41080243234,191,0,0,5,0
California Condor+Steller'S Sea Eagle,Gymnogyps californianus+Haliaeetus pelagicus,Aves+Aves,5.500000000000001,20316.5,167,0,0,2,0
California Condor+Steller'S Sea Eagle+Oriental Scops Owl,Gymnogyps californianus+Haliaeetus pelagicus+Otus sunia,Aves+Aves+Aves,5.318656713513676,13138.75137758481,182,0,0,3,0
Brown Falcon+Merlin+White Or Black-Backed Wagtail+Zebra Finch+Kakapo+California Condor+Steller'S Sea Eagle+Oriental Scops Owl,Falco berigora+Falco columbarius+Motacilla alba alba+Taeniopygia guttata+Strigops habroptila+Gymnogyps californianus+Haliaeetus pelagicus+Otus sunia,Aves+Aves+Aves+Aves+Aves+Aves+Aves+Aves,5.987305383005612,16069.608765565901,187,0,0,8,0
Atlantic Puffin+Razorbill,Fratercula arctica+Alca torda,Aves+Aves,7.5,10981.500000000002,156,0,0,2,0
Atlantic Puffin+Razorbill+Ruff,Fratercula arctica+Alca torda+Calidris pugnax,Aves+Aves+Aves,7.694929884912852,13435.472321167894,161,0,0,3,0
European Golden-Plover+Atlantic Puffin+Razorbill+Ruff,Pluvialis apricaria+Fratercula arctica+Alca torda+Calidris pugnax,Aves+Aves+Aves+Aves,7.2194970469038084,15940.51170778758,153,0,0,4,0
Royal Penguin+Emperor Penguin,Eudyptes schlegeli+Aptenodytes forsteri,Aves+Aves,7.75,11294.0,146,0,0,2,0
Eurasian Coot+Royal Penguin+Emperor Penguin,Fulica atra+Eudyptes schlegeli+Aptenodytes forsteri,Aves+Aves+Aves,7.865158937700736,5819.344101706978,143,0,0,3,0
European Golden-Plover+Atlantic Puffin+Razorbill+Ruff+Eurasian Coot+Royal Penguin+Emperor Penguin,Pluvialis apricaria+Fratercula arctica+Alca torda+Calidris pugnax+Fulica atra+Eudyptes schlegeli+Aptenodytes forsteri,Aves+Aves+Aves+Aves+Aves+Aves+Aves,7.466458138105576,12069.236924714172,170,0,0,7,0
Brown Falcon+Merlin+White Or Black-Backed Wagtail+Zebra Finch+Kakapo+California Condor+Steller'S Sea Eagle+Oriental Scops Owl+European Golden-Plover+Atlantic Puffin+Razorbill+Ruff+Eurasian Coot+Royal Penguin+Emperor Penguin,Falco berigora+Falco columbarius+Motacilla alba alba+Taeniopygia guttata+Strigops habroptila+Gymnogyps californianus+Haliaeetus pelagicus+Otus sunia+Pluvialis apricaria+Fratercula arctica+Alca torda+Calidris pugnax+Fulica atra+Eudyptes schlegeli+Aptenodytes forsteri,Aves+Aves+Aves+Aves+Aves+Aves+Aves+Aves+Aves+Aves+Aves+Aves+Aves+Aves+Aves,6.747250135934795,14014.33652965983,19,0,0,15,0
Brown Falcon+Merlin+White Or Black-Backed Wagtail+Zebra Finch+Kakapo+California Condor+Steller'S Sea Eagle+Oriental Scops Owl+European Golden-Plover+Atlantic Puffin+Razorbill+Ruff+Eurasian Coot+Royal Penguin+Emperor Penguin+Common Cuckoo,Falco berigora+Falco columbarius+Motacilla alba alba+Taeniopygia guttata+Strigops habroptila+Gymnogyps californianus+Haliaeetus pelagicus+Otus sunia+Pluvialis apricaria+Fratercula arctica+Alca torda+Calidris pugnax+Fulica atra+Eudyptes schlegeli+Aptenodytes forsteri+Cuculus canorus,Aves+Aves+Aves+Aves+Aves+Aves+Aves+Aves+Aves+Aves+Aves+Aves+Aves+Aves+Aves+Aves,6.447258097224848,14806.817392009609,207,0,0,16,0
Black Swan+Mute Swan+Bar-Headed Goose+Swan Goose+Eastern Spot-Billed Duck+Mallard+Golden Pheasant+Common Pheasant+Brown Falcon+Merlin+White Or Black-Backed Wagtail+Zebra Finch+Kakapo+California Condor+Steller'S Sea Eagle+Oriental Scops Owl+European Golden-Plover+Atlantic Puffin+Razorbill+Ruff+Eurasian Coot+Royal Penguin+Emperor Penguin+Common Cuckoo,Cygnus atratus+Cygnus olor+Anser indicus+Anser cygnoides+Anas zonorhyncha+Anas platyrhynchos+Chrysolophus pictus+Phasianus colchicus+Falco berigora+Falco columbarius+Motacilla alba alba+Taeniopygia guttata+Strigops habroptila+Gymnogyps californianus+Haliaeetus pelagicus+Otus sunia+Pluvialis apricaria+Fratercula arctica+Alca torda+Calidris pugnax+Fulica atra+Eudyptes schlegeli+Aptenodytes forsteri+Cuculus canorus,Aves+Aves+Aves+Aves+Aves+Aves+Aves+Aves+Aves+Aves+Aves+Aves+Aves+Aves+Aves+Aves+Aves+Aves+Aves+Aves+Aves+Aves+Aves+Aves,6.462641861443236,17487.243130290262,225,0,0,24,0
Black Swan+Mute Swan+Bar-Headed Goose+Swan Goose+Eastern Spot-Billed Duck+Mallard+Golden Pheasant+Common Pheasant+Brown Falcon+Merlin+White Or Black-Backed Wagtail+Zebra Finch+Kakapo+California Condor+Steller'S Sea Eagle+Oriental Scops Owl+European Golden-Plover+Atlantic Puffin+Razorbill+Ruff+Eurasian Coot+Royal Penguin+Emperor Penguin+Common Cuckoo+Okarito Kiwi,Cygnus atratus+Cygnus olor+Anser indicus+Anser cygnoides+Anas zonorhyncha+Anas platyrhynchos+Chrysolophus pictus+Phasianus colchicus+Falco berigora+Falco columbarius+Motacilla alba alba+Taeniopygia guttata+Strigops habroptila+Gymnogyps californianus+Haliaeetus pelagicus+Otus sunia+Pluvialis apricaria+Fratercula arctica+Alca torda+Calidris pugnax+Fulica atra+Eudyptes schlegeli+Aptenodytes forsteri+Cuculus canorus+Apteryx rowi,Aves+Aves+Aves+Aves+Aves+Aves+Aves+Aves+Aves+Aves+Aves+Aves+Aves+Aves+Aves+Aves+Aves+Aves+Aves+Aves+Aves+Aves+Aves+Aves+Aves,6.804354253486061,18355.385360271328,229,0,0,25,0
Black Swan+Mute Swan+Bar-Headed Goose+Swan Goose+Eastern Spot-Billed Duck+Mallard+Golden Pheasant+Common Pheasant+Brown Falcon+Merlin+White Or Black-Backed Wagtail+Zebra Finch+Kakapo+California Condor+Steller'S Sea Eagle+Oriental Scops Owl+European Golden-Plover+Atlantic Puffin+Razorbill+Ruff+Eurasian Coot+Royal Penguin+Emperor Penguin+Common Cuckoo+Okarito Kiwi+American Alligator,Cygnus atratus+Cygnus olor+Anser indicus+Anser cygnoides+Anas zonorhyncha+Anas platyrhynchos+Chrysolophus pictus+Phasianus colchicus+Falco berigora+Falco columbarius+Motacilla alba alba+Taeniopygia guttata+Strigops habroptila+Gymnogyps californianus+Haliaeetus pelagicus+Otus sunia+Pluvialis apricaria+Fratercula arctica+Alca torda+Calidris pugnax+Fulica atra+Eudyptes schlegeli+Aptenodytes forsteri+Cuculus canorus+Apteryx rowi+Alligator mississippiensis,Aves+Aves+Aves+Aves+Aves+Aves+Aves+Aves+Aves+Aves+Aves+Aves+Aves+Aves+Aves+Aves+Aves+Aves+Aves+Aves+Aves+Aves+Aves+Aves+Aves+Reptilia,12.041977196344614,-8512.319501202106,228,0,1,25,0
Green Sea Turtle+Snapping Turtle,Chelonia mydas+Chelydra serpentina,Reptilia+Reptilia,9.25,19404.000000000004,224,0,2,0,0
Chinese Soft-Shelled Turtle+Green Sea Turtle+Snapping Turtle,Pelodiscus sinensis+Chelonia mydas+Chelydra serpentina,Reptilia+Reptilia+Reptilia,9.555718885516846,34394.82364502342,234,0,3,0,0
West African Mud Turtle+Chinese Soft-Shelled Turtle+Green Sea Turtle+Snapping Turtle,Pelusios castaneus+Pelodiscus sinensis+Chelonia mydas+Chelydra serpentina,Reptilia+Reptilia+Reptilia+Reptilia,8.722604140017063,31097.587483975643,233,0,4,0,0
Black Swan+Mute Swan+Bar-Headed Goose+Swan Goose+Eastern Spot-Billed Duck+Mallard+Golden Pheasant+Common Pheasant+Brown Falcon+Merlin+White Or Black-Backed Wagtail+Zebra Finch+Kakapo+California Condor+Steller'S Sea Eagle+Oriental Scops Owl+European Golden-Plover+Atlantic Puffin+Razorbill+Ruff+Eurasian Coot+Royal Penguin+Emperor Penguin+Common Cuckoo+Okarito Kiwi+American Alligator+West African Mud Turtle+Chinese Soft-Shelled Turtle+Green Sea Turtle+Snapping Turtle,Cygnus atratus+Cygnus olor+Anser indicus+Anser cygnoides+Anas zonorhyncha+Anas platyrhynchos+Chrysolophus pictus+Phasianus colchicus+Falco berigora+Falco columbarius+Motacilla alba alba+Taeniopygia guttata+Strigops habroptila+Gymnogyps californianus+Haliaeetus pelagicus+Otus sunia+Pluvialis apricaria+Fratercula arctica+Alca torda+Calidris pugnax+Fulica atra+Eudyptes schlegeli+Aptenodytes forsteri+Cuculus canorus+Apteryx rowi+Alligator mississippiensis+Pelusios castaneus+Pelodiscus sinensis+Chelonia mydas+Chelydra serpentina,Aves+Aves+Aves+Aves+Aves+Aves+Aves+Aves+Aves+Aves+Aves+Aves+Aves+Aves+Aves+Aves+Aves+Aves+Aves+Aves+Aves+Aves+Aves+Aves+Aves+Reptilia+Reptilia+Reptilia+Reptilia+Reptilia,10.467362654887934,10277.474374395599,223,0,5,25,0
Sand Lizard+Common Wall Lizard,Lacerta agilis+Podarcis muralis,Reptilia+Reptilia,20.0,-23725.5,121,0,2,0,0
Viviparous (Common) Lizard+Sand Lizard+Common Wall Lizard,Zootoca vivipara+Lacerta agilis+Podarcis muralis,Reptilia+Reptilia+Reptilia,20.000000000000004,-1861.4827600685283,120,0,3,0,0
Viviparous (Common) Lizard+Sand Lizard+Common Wall Lizard+Argentine Black And White Tegu,Zootoca vivipara+Lacerta agilis+Podarcis muralis+Salvator merianae,Reptilia+Reptilia+Reptilia+Reptilia,20.88780004313791,12340.424927191883,136,0,4,0,0
Central Bearded Dragon+Desert Horned Lizard,Pogona vitticeps+Phrynosoma platyrhinos,Reptilia+Reptilia,17.5,29832.000000000004,123,0,2,0,0
Chinese Crocodile Lizard+Komodo Dragon,Shinisaurus crocodilurus+Varanus komodoensis,Reptilia+Reptilia,23.835000000000004,29490.500000000004,124,0,2,0,0
Central Bearded Dragon+Desert Horned Lizard+Chinese Crocodile Lizard+Komodo Dragon,Pogona vitticeps+Phrynosoma platyrhinos+Shinisaurus crocodilurus+Varanus komodoensis,Reptilia+Reptilia+Reptilia+Reptilia,20.35957688801856,29677.849170124966,128,0,4,0,0
Viviparous (Common) Lizard+Sand Lizard+Common Wall Lizard+Argentine Black And White Tegu+Central Bearded Dragon+Desert Horned Lizard+Chinese Crocodile Lizard+Komodo Dragon,Zootoca vivipara+Lacerta agilis+Podarcis muralis+Salvator merianae+Pogona vitticeps+Phrynosoma platyrhinos+Shinisaurus crocodilurus+Varanus komodoensis,Reptilia+Reptilia+Reptilia+Reptilia+Reptilia+Reptilia+Reptilia+Reptilia,20.574608171948846,22620.058236746576,134,0,8,0,0
Viviparous (Common) Lizard+Sand Lizard+Common Wall Lizard+Argentine Black And White Tegu+Central Bearded Dragon+Desert Horned Lizard+Chinese Crocodile Lizard+Komodo Dragon+Common Leopard Gecko,Zootoca vivipara+Lacerta agilis+Podarcis muralis+Salvator merianae+Pogona vitticeps+Phrynosoma platyrhinos+Shinisaurus crocodilurus+Varanus komodoensis+Eublepharis macularius,Reptilia+Reptilia+Reptilia+Reptilia+Reptilia+Reptilia+Reptilia+Reptilia+Reptilia,21.124333949869357,23026.889720927567,139,0,9,0,0
Regal Horned Lizard+Viviparous (Common) Lizard+Sand Lizard+Common Wall Lizard+Argentine Black And White Tegu+Central Bearded Dragon+Desert Horned Lizard+Chinese Crocodile Lizard+Komodo Dragon+Common Leopard Gecko,Sphenodon punctatus+Zootoca vivipara+Lacerta agilis+Podarcis muralis+Salvator merianae+Pogona vitticeps+Phrynosoma platyrhinos+Shinisaurus crocodilurus+Varanus komodoensis+Eublepharis macularius,Reptilia+Reptilia+Reptilia+Reptilia+Reptilia+Reptilia+Reptilia+Reptilia+Reptilia+Reptilia,21.0888222698451,23457.914725828105,133,0,10,0,0
Black Swan+Mute Swan+Bar-Headed Goose+Swan Goose+Eastern Spot-Billed Duck+Mallard+Golden Pheasant+Common Pheasant+Brown Falcon+Merlin+White Or Black-Backed Wagtail+Zebra Finch+Kakapo+California Condor+Steller'S Sea Eagle+Oriental Scops Owl+European Golden-Plover+Atlantic Puffin+Razorbill+Ruff+Eurasian Coot+Royal Penguin+Emperor Penguin+Common Cuckoo+Okarito Kiwi+American Alligator+West African Mud Turtle+Chinese Soft-Shelled Turtle+Green Sea Turtle+Snapping Turtle+Regal Horned Lizard+Viviparous (Common) Lizard+Sand Lizard+Common Wall Lizard+Argentine Black And White Tegu+Central Bearded Dragon+Desert Horned Lizard+Chinese Crocodile Lizard+Komodo Dragon+Common Leopard Gecko,Cygnus atratus+Cygnus olor+Anser indicus+Anser cygnoides+Anas zonorhyncha+Anas platyrhynchos+Chrysolophus pictus+Phasianus colchicus+Falco berigora+Falco columbarius+Motacilla alba alba+Taeniopygia guttata+Strigops habroptila+Gymnogyps californianus+Haliaeetus pelagicus+Otus sunia+Pluvialis apricaria+Fratercula arctica+Alca torda+Calidris pugnax+Fulica atra+Eudyptes schlegeli+Aptenodytes forsteri+Cuculus canorus+Apteryx rowi+Alligator mississippiensis+Pelusios castaneus+Pelodiscus sinensis+Chelonia mydas+Chelydra serpentina+Sphenodon punctatus+Zootoca vivipara+Lacerta agilis+Podarcis muralis+Salvator merianae+Pogona vitticeps+Phrynosoma platyrhinos+Shinisaurus crocodilurus+Varanus komodoensis+Eublepharis macularius,Aves+Aves+Aves+Aves+Aves+Aves+Aves+Aves+Aves+Aves+Aves+Aves+Aves+Aves+Aves+Aves+Aves+Aves+Aves+Aves+Aves+Aves+Aves+Aves+Aves+Reptilia+Reptilia+Reptilia+Reptilia+Reptilia+Reptilia+Reptilia+Reptilia+Reptilia+Reptilia+Reptilia+Reptilia+Reptilia+Reptilia+Reptilia,14.988450803251938,15887.808059529185,203,0,15,25,0
Western European Hedgehog+Suricate+Cat+Tiger+Lion+Leopard+Fox+Ermine+American Black Bear+Horse+Alpaca+Two-Humped Camel+Narwhal+Orca+Bottle-Nose Dolphin+North Pacific Minke Whale+Cattle+Goat+Sheep+Wild Boar+Flying Fox+Rabbit+Norway Rat+House Mouse+Guinea Pig+Lemur+Common Marmoset+Gorilla+Human+Chimpanzee+Rhesus Monkey+Pig-Tailed Macaque+African Bush Elephant+Linne'S Two-Toed Sloth+Short-Beaked Echidna+Platypus+Black Swan+Mute Swan+Bar-Headed Goose+Swan Goose+Eastern Spot-Billed Duck+Mallard+Golden Pheasant+Common Pheasant+Brown Falcon+Merlin+White Or Black-Backed Wagtail+Zebra Finch+Kakapo+California Condor+Steller'S Sea Eagle+Oriental Scops Owl+European Golden-Plover+Atlantic Puffin+Razorbill+Ruff+Eurasian Coot+Royal Penguin+Emperor Penguin+Common Cuckoo+Okarito Kiwi+American Alligator+West African Mud Turtle+Chinese Soft-Shelled Turtle+Green Sea Turtle+Snapping Turtle+Regal Horned Lizard+Viviparous (Common) Lizard+Sand Lizard+Common Wall Lizard+Argentine Black And White Tegu+Central Bearded Dragon+Desert Horned Lizard+Chinese Crocodile Lizard+Komodo Dragon+Common Leopard Gecko,Erinaceus europaeus+Suricata suricatta+Felis catus+Panthera tigris+Panthera leo+Panthera pardus+Vulpes vulpes+Mustela erminea+Ursus americanus+Equus caballus+Vicugna pacos+Camelus ferus+Monodon monoceros+Orcinus orca+Tursiops truncatus+Balaenoptera acutorostrata scammoni+Bos taurus+Capra hircus+Ovis aries+Sus scrofa+Pteropus vampyrus+Oryctolagus cuniculus+Rattus norvegicus+Mus musculus+Cavia porcellus+Lemur catta+Callithrix jacchus+Gorilla gorilla+Homo sapiens+Pan troglodytes+Macaca mulatta+Macaca nemestrina+Loxodonta africana+Choloepus didactylus+Tachyglossus aculeatus+Ornithorhynchus anatinus+Cygnus atratus+Cygnus olor+Anser indicus+Anser cygnoides+Anas zonorhyncha+Anas platyrhynchos+Chrysolophus pictus+Phasianus colchicus+Falco berigora+Falco columbarius+Motacilla alba alba+Taeniopygia guttata+Strigops habroptila+Gymnogyps californianus+Haliaeetus pelagicus+Otus sunia+Pluvialis apricaria+Fratercula arctica+Alca torda+Calidris pugnax+Fulica atra+Eudyptes schlegeli+Aptenodytes forsteri+Cuculus canorus+Apteryx rowi+Alligator mississippiensis+Pelusios castaneus+Pelodiscus sinensis+Chelonia mydas+Chelydra serpentina+Sphenodon punctatus+Zootoca vivipara+Lacerta agilis+Podarcis muralis+Salvator merianae+Pogona vitticeps+Phrynosoma platyrhinos+Shinisaurus crocodilurus+Varanus komodoensis+Eublepharis macularius,Mammalia+Mammalia+Mammalia+Mammalia+Mammalia+Mammalia+Mammalia+Mammalia+Mammalia+Mammalia+Mammalia+Mammalia+Mammalia+Mammalia+Mammalia+Mammalia+Mammalia+Mammalia+Mammalia+Mammalia+Mammalia+Mammalia+Mammalia+Mammalia+Mammalia+Mammalia+Mammalia+Mammalia+Mammalia+Mammalia+Mammalia+Mammalia+Mammalia+Mammalia+Mammalia+Mammalia+Aves+Aves+Aves+Aves+Aves+Aves+Aves+Aves+Aves+Aves+Aves+Aves+Aves+Aves+Aves+Aves+Aves+Aves+Aves+Aves+Aves+Aves+Aves+Aves+Aves+Reptilia+Reptilia+Reptilia+Reptilia+Reptilia+Reptilia+Reptilia+Reptilia+Reptilia+Reptilia+Reptilia+Reptilia+Reptilia+Reptilia+Reptilia,15.262923203675843,16182.152188411126,199,36,15,25,0
Axolotl+Iberian Ribbed Newt,Ambystoma mexicanum+Pleurodeles waltl,Amphibia+Amphibia,13.750000000000002,20951.5,25,0,0,0,2
Common Toad+Asiatic Toad,Bufo bufo+Bufo gargarizans,Amphibia+Amphibia,7.0,11370.999999999998,37,0,0,0,2
Common Toad+Asiatic Toad+Common Frog,Bufo bufo+Bufo gargarizans+Rana temporaria,Amphibia+Amphibia+Amphibia,7.0,62937.27014737053,36,0,0,0,3
African Clawed Frog+Western Clawed Frog,Xenopus laevis+Xenopus tropicalis,Amphibia+Amphibia,7.0,49892.00000000001,35,0,0,0,2
Common Toad+Asiatic Toad+Common Frog+African Clawed Frog+Western Clawed Frog,Bufo bufo+Bufo gargarizans+Rana temporaria+Xenopus laevis+Xenopus tropicalis,Amphibia+Amphibia+Amphibia+Amphibia+Amphibia,7.0,57441.84396865011,34,0,0,0,5
European Fire-Bellied Toad+Painted Frog,Bombina bombina+Discoglossus pictus,Amphibia+Amphibia,7.0,63832.0,43,0,0,0,2
Common Toad+Asiatic Toad+Common Frog+African Clawed Frog+Western Clawed Frog+European Fire-Bellied Toad+Painted Frog,Bufo bufo+Bufo gargarizans+Rana temporaria+Xenopus laevis+Xenopus tropicalis+Bombina bombina+Discoglossus pictus,Amphibia+Amphibia+Amphibia+Amphibia+Amphibia+Amphibia+Amphibia,7.0,59899.88601481949,33,0,0,0,7
Axolotl+Iberian Ribbed Newt+Common Toad+Asiatic Toad+Common Frog+African Clawed Frog+Western Clawed Frog+European Fire-Bellied Toad+Painted Frog,Ambystoma mexicanum+Pleurodeles waltl+Bufo bufo+Bufo gargarizans+Rana temporaria+Xenopus laevis+Xenopus tropicalis+Bombina bombina+Discoglossus pictus,Amphibia+Amphibia+Amphibia+Amphibia+Amphibia+Amphibia+Amphibia+Amphibia+Amphibia,9.56999921494573,45070.653202746995,51,0,0,0,9
Western European Hedgehog+Suricate+Cat+Tiger+Lion+Leopard+Fox+Ermine+American Black Bear+Horse+Alpaca+Two-Humped Camel+Narwhal+Orca+Bottle-Nose Dolphin+North Pacific Minke Whale+Cattle+Goat+Sheep+Wild Boar+Flying Fox+Rabbit+Norway Rat+House Mouse+Guinea Pig+Lemur+Common Marmoset+Gorilla+Human+Chimpanzee+Rhesus Monkey+Pig-Tailed Macaque+African Bush Elephant+Linne'S Two-Toed Sloth+Short-Beaked Echidna+Platypus+Black Swan+Mute Swan+Bar-Headed Goose+Swan Goose+Eastern Spot-Billed Duck+Mallard+Golden Pheasant+Common Pheasant+Brown Falcon+Merlin+White Or Black-Backed Wagtail+Zebra Finch+Kakapo+California Condor+Steller'S Sea Eagle+Oriental Scops Owl+European Golden-Plover+Atlantic Puffin+Razorbill+Ruff+Eurasian Coot+Royal Penguin+Emperor Penguin+Common Cuckoo+Okarito Kiwi+American Alligator+West African Mud Turtle+Chinese Soft-Shelled Turtle+Green Sea Turtle+Snapping Turtle+Regal Horned Lizard+Viviparous (Common) Lizard+Sand Lizard+Common Wall Lizard+Argentine Black And White Tegu+Central Bearded Dragon+Desert Horned Lizard+Chinese Crocodile Lizard+Komodo Dragon+Common Leopard Gecko+Axolotl+Iberian Ribbed Newt+Common Toad+Asiatic Toad+Common Frog+African Clawed Frog+Western Clawed Frog+European Fire-Bellied Toad+Painted Frog,Erinaceus europaeus+Suricata suricatta+Felis catus+Panthera tigris+Panthera leo+Panthera pardus+Vulpes vulpes+Mustela erminea+Ursus americanus+Equus caballus+Vicugna pacos+Camelus ferus+Monodon monoceros+Orcinus orca+Tursiops truncatus+Balaenoptera acutorostrata scammoni+Bos taurus+Capra hircus+Ovis aries+Sus scrofa+Pteropus vampyrus+Oryctolagus cuniculus+Rattus norvegicus+Mus musculus+Cavia porcellus+Lemur catta+Callithrix jacchus+Gorilla gorilla+Homo sapiens+Pan troglodytes+Macaca mulatta+Macaca nemestrina+Loxodonta africana+Choloepus didactylus+Tachyglossus aculeatus+Ornithorhynchus anatinus+Cygnus atratus+Cygnus olor+Anser indicus+Anser cygnoides+Anas zonorhyncha+Anas platyrhynchos+Chrysolophus pictus+Phasianus colchicus+Falco berigora+Falco columbarius+Motacilla alba alba+Taeniopygia guttata+Strigops habroptila+Gymnogyps californianus+Haliaeetus pelagicus+Otus sunia+Pluvialis apricaria+Fratercula arctica+Alca torda+Calidris pugnax+Fulica atra+Eudyptes schlegeli+Aptenodytes forsteri+Cuculus canorus+Apteryx rowi+Alligator mississippiensis+Pelusios castaneus+Pelodiscus sinensis+Chelonia mydas+Chelydra serpentina+Sphenodon punctatus+Zootoca vivipara+Lacerta agilis+Podarcis muralis+Salvator merianae+Pogona vitticeps+Phrynosoma platyrhinos+Shinisaurus crocodilurus+Varanus komodoensis+Eublepharis macularius+Ambystoma mexicanum+Pleurodeles waltl+Bufo bufo+Bufo gargarizans+Rana temporaria+Xenopus laevis+Xenopus tropicalis+Bombina bombina+Discoglossus pictus,Mammalia+Mammalia+Mammalia+Mammalia+Mammalia+Mammalia+Mammalia+Mammalia+Mammalia+Mammalia+Mammalia+Mammalia+Mammalia+Mammalia+Mammalia+Mammalia+Mammalia+Mammalia+Mammalia+Mammalia+Mammalia+Mammalia+Mammalia+Mammalia+Mammalia+Mammalia+Mammalia+Mammalia+Mammalia+Mammalia+Mammalia+Mammalia+Mammalia+Mammalia+Mammalia+Mammalia+Aves+Aves+Aves+Aves+Aves+Aves+Aves+Aves+Aves+Aves+Aves+Aves+Aves+Aves+Aves+Aves+Aves+Aves+Aves+Aves+Aves+Aves+Aves+Aves+Aves+Reptilia+Reptilia+Reptilia+Reptilia+Reptilia+Reptilia+Reptilia+Reptilia+Reptilia+Reptilia+Reptilia+Reptilia+Reptilia+Reptilia+Reptilia+Amphibia+Amphibia+Amphibia+Amphibia+Amphibia+Amphibia+Amphibia+Amphibia+Amphibia,13.023988670264854,27543.5303953776,root,36,15,25,9
