Common Name,Species,Class,Thoracic,B7,node,Mammalia,Reptilia,Aves,Amphibia
Common Toad,Bufo bufo,Amphibia,7.0,8327.0,0,0,0,0,1
Asiatic Toad,Bufo gargarizans,Amphibia,7.0,799.0,0,0,0,0,1
Western Clawed Frog,Xenopus tropicalis,Amphibia,7.0,15771.0,0,0,0,0,1
Western European Hedgehog,Erinaceus europaeus,Mammalia,15.0,1276.0,0,1,0,0,0
Suricate,Suricata suricatta,Mammalia,15.0,2340.0,0,1,0,0,0
Cat,Felis catus,Mammalia,13.0,1306.0,0,1,0,0,0
Tiger,Panthera tigris,Mammalia,13.0,2185.0,0,1,0,0,0
Lion,Panthera leo,Mammalia,13.0,2177.0,0,1,0,0,0
Leopard,Panthera pardus,Mammalia,13.0,1193.0,0,1,0,0,0
Fox,Vulpes vulpes,Mammalia,13.0,6828.0,0,1,0,0,0
Ermine,Mustela erminea,Mammalia,14.0,1252.0,0,1,0,0,0
American Black Bear,Ursus americanus,Mammalia,14.0,7975.0,0,1,0,0,0
Horse,Equus caballus,Mammalia,19.0,7174.0,0,1,0,0,0
Alpaca,Vicugna pacos,Mammalia,12.0,18393.0,0,1,0,0,0
Two-Humped Camel,Camelus ferus,Mammalia,12.0,1306.0,0,1,0,0,0
Narwhal,Monodon monoceros,Mammalia,12.0,1327.0,0,1,0,0,0
Orca,Orcinus orca,Mammalia,11.0,7837.0,0,1,0,0,0
Bottle-Nose Dolphin,Tursiops truncatus,Mammalia,13.0,305.0,0,1,0,0,0
North Pacific Minke Whale,Balaenoptera acutorostrata scammoni,Mammalia,10.5,7304.0,0,1,0,0,0
Cattle,Bos taurus,Mammalia,13.0,1295.0,0,1,0,0,0
Goat,Capra hircus,Mammalia,13.0,1212.0,0,1,0,0,0
Sheep,Ovis aries,Mammalia,13.0,-13556.0,0,1,0,0,0
Wild Boar,Sus scrofa,Mammalia,14.25,18541.0,0,1,0,0,0
Flying Fox,Pteropus vampyrus,Mammalia,14.0,293.0,0,1,0,0,0
Rabbit,Oryctolagus cuniculus,Mammalia,12.0,-10170.0,0,1,0,0,0
Norway Rat,Rattus norvegicus,Mammalia,12.5,1355.0,0,1,0,0,0
House Mouse,Mus musculus,Mammalia,13.0,280.0,0,1,0,0,0
Guinea Pig,Cavia porcellus,Mammalia,13.5,-331.0,0,1,0,0,0
Lemur,Lemur catta,Mammalia,12.0,226.0,0,1,0,0,0
Common Marmoset,Callithrix jacchus,Mammalia,13.0,47.0,0,1,0,0,0
Gorilla,Gorilla gorilla,Mammalia,12.0,1328.0,0,1,0,0,0
Human,Homo sapiens,Mammalia,12.0,8060.0,0,1,0,0,0
Chimpanzee,Pan troglodytes,Mammalia,13.0,90.0,0,1,0,0,0
Rhesus Monkey,Macaca mulatta,Mammalia,12.0,-2808.0,0,1,0,0,0
Pig-Tailed Macaque,Macaca nemestrina,Mammalia,12.0,18280.0,0,1,0,0,0
African Bush Elephant,Loxodonta africana,Mammalia,20.5,10907.0,0,1,0,0,0
Linne'S Two-Toed Sloth,Choloepus didactylus,Mammalia,23.0,1465.0,0,1,0,0,0
Short-Beaked Echidna,Tachyglossus aculeatus,Mammalia,16.0,2452.0,0,1,0,0,0
Platypus,Ornithorhynchus anatinus,Mammalia,17.0,8453.0,0,1,0,0,0
Okarito Kiwi,Apteryx rowi,Aves,8.0,1742.0,0,0,0,1,0
Emu,Dromaius novaehollandiae,Aves,8.333333333333334,299.0,0,0,0,1,0
Chicken,Gallus gallus,Aves,6.0,2439.0,0,0,0,1,0
Common Pheasant,Phasianus colchicus,Aves,5.5,8481.0,0,0,0,1,0
Black Swan,Cygnus atratus,Aves,7.5,2602.0,0,0,0,1,0
Mute Swan,Cygnus olor,Aves,6.5,1189.0,0,0,0,1,0
Swan Goose,Anser cygnoides,Aves,6.0,160.0,0,0,0,1,0
Common Cuckoo,Cuculus canorus,Aves,5.0,7556.0,0,0,0,1,0
White Or Black-Backed Wagtail,Motacilla alba alba,Aves,5.0,10365.0,0,0,0,1,0
Zebra Finch,Taeniopygia guttata,Aves,7.0,1696.0,0,0,0,1,0
Barn Swallow,Hirundo rustica,Aves,6.0,1099.0,0,0,0,1,0
Kakapo,Strigops habroptila,Aves,7.0,381.0,0,0,0,1,0
Ruff,Calidris pugnax,Aves,8.0,200.0,0,0,0,1,0
Emperor Penguin,Aptenodytes forsteri,Aves,8.5,8458.0,0,0,0,1,0
American Alligator,Alligator mississippiensis,Reptilia,20.0,8875.0,0,0,1,0,0
Australian Saltwater Crocodile,Crocodylus porosus,Reptilia,18.0,9918.0,0,0,1,0,0
Chinese Soft-Shelled Turtle,Pelodiscus sinensis,Reptilia,10.0,117.0,0,0,1,0,0
Green Sea Turtle,Chelonia mydas,Reptilia,9.5,-36.0,0,0,1,0,0
Viviparous (Common) Lizard,Zootoca vivipara,Reptilia,20.0,3294.0,0,0,1,0,0
Sand Lizard,Lacerta agilis,Reptilia,20.0,10715.0,0,0,1,0,0
Common Wall Lizard,Podarcis muralis,Reptilia,20.0,99.0,0,0,1,0,0
Central Bearded Dragon,Pogona vitticeps,Reptilia,16.0,10114.0,0,0,1,0,0
Komodo Dragon,Varanus komodoensis,Reptilia,25.0,9236.0,0,0,1,0,0
Axolotl,Ambystoma mexicanum,Amphibia,15.5,4739.0,0,0,0,0,1
Iberian Ribbed Newt,Pleurodeles waltl,Amphibia,12.0,8289.0,0,0,0,0,1
African Clawed Frog,Xenopus laevis,Amphibia,7.0,10098.0,0,0,0,0,1
European Fire-Bellied Toad,Bombina bombina,Amphibia,7.0,2849.0,0,0,0,0,1
Painted Frog,Discoglossus pictus,Amphibia,7.0,9061.0,0,0,0,0,1
Golden Pheasant,Chrysolophus pictus,Aves,7.0,3143.0,0,0,0,1,0
Bar-Headed Goose,Anser indicus,Aves,9.0,2475.0,0,0,0,1,0
Eastern Spot-Billed Duck,Anas zonorhyncha,Aves,6.0,5253.0,0,0,0,1,0
Brown Falcon,Falco berigora,Aves,7.0,5102.0,0,0,0,1,0
Merlin,Falco columbarius,Aves,7.0,4476.0,0,0,0,1,0
California Condor,Gymnogyps californianus,Aves,5.0,2307.0,0,0,0,1,0
Steller'S Sea Eagle,Haliaeetus pelagicus,Aves,6.0,5749.0,0,0,0,1,0
Oriental Scops Owl,Otus sunia,Aves,5.0,4273.0,0,0,0,1,0
European Golden-Plover,Pluvialis apricaria,Aves,6.0,2337.0,0,0,0,1,0
Eurasian Woodcock,Scolopax rusticola,Aves,6.0,7524.0,0,0,0,1,0
Common Snipe,Gallinago gallinago,Aves,7.0,7489.0,0,0,0,1,0
Atlantic Puffin,Fratercula arctica,Aves,7.0,2336.0,0,0,0,1,0
Common Murre,Uria aalge,Aves,6.666666666666667,3725.0,0,0,0,1,0
Common Tern,Sterna hirundo,Aves,7.0,4446.0,0,0,0,1,0
Razorbill,Alca torda,Aves,8.0,4517.0,0,0,0,1,0
Eurasian Coot,Fulica atra,Aves,8.0,2438.0,0,0,0,1,0
Royal Penguin,Eudyptes schlegeli,Aves,7.0,2326.0,0,0,0,1,0
White Stork,Ciconia ciconia,Aves,5.5,8322.0,0,0,0,1,0
West African Mud Turtle,Pelusios castaneus,Reptilia,7.0,8398.0,0,0,1,0,0
Snapping Turtle,Chelydra serpentina,Reptilia,9.0,-36.0,0,0,1,0,0
Regal Horned Lizard,Sphenodon punctatus,Reptilia,21.0,4243.0,0,0,1,0,0
Argentine Black And White Tegu,Salvator merianae,Reptilia,22.0,9762.0,0,0,1,0,0
Desert Horned Lizard,Phrynosoma platyrhinos,Reptilia,19.0,3850.0,0,0,1,0,0
Chinese Crocodile Lizard,Shinisaurus crocodilurus,Reptilia,22.67,11150.0,0,0,1,0,0
Common Leopard Gecko,Eublepharis macularius,Reptilia,23.0,10237.0,0,0,1,0,0
Lion+Leopard,Panthera leo+Panthera pardus,Mammalia+Mammalia,12.999999999999998,1685.0000000000002,49,2,0,0,0
Tiger+Lion+Leopard,Panthera tigris+Panthera leo+Panthera pardus,Mammalia+Mammalia+Mammalia,13.0,1933.1635335257813,57,3,0,0,0
Cat+Tiger+Lion+Leopard,Felis catus+Panthera tigris+Panthera leo+Panthera pardus,Mammalia+Mammalia+Mammalia+Mammalia,13.0,1684.8361447184895,60,4,0,0,0
Suricate+Cat+Tiger+Lion+Leopard,Suricata suricatta+Felis catus+Panthera tigris+Panthera leo+Panthera pardus,Mammalia+Mammalia+Mammalia+Mammalia+Mammalia,13.892161122758525,1977.0920050778673,56,5,0,0,0
Ermine+American Black Bear,Mustela erminea+Ursus americanus,Mammalia+Mammalia,14.0,4613.5,48,2,0,0,0
Fox+Ermine+American Black Bear,Vulpes vulpes+Mustela erminea+Ursus americanus,Mammalia+Mammalia+Mammalia,13.642999714856002,5404.077131451382,63,3,0,0,0
Suricate+Cat+Tiger+Lion+Leopard+Fox+Ermine+American Black Bear,Suricata suricatta+Felis catus+Panthera tigris+Panthera leo+Panthera pardus+Vulpes vulpes+Mustela erminea+Ursus americanus,Mammalia+Mammalia+Mammalia+Mammalia+Mammalia+Mammalia+Mammalia+Mammalia,13.75024134453235,3929.0675265422346,47,8,0,0,0
Suricate+Cat+Tiger+Lion+Leopard+Fox+Ermine+American Black Bear+Horse,Suricata suricatta+Felis catus+Panthera tigris+Panthera leo+Panthera pardus+Vulpes vulpes+Mustela erminea+Ursus americanus+Equus caballus,Mammalia+Mammalia+Mammalia+Mammalia+Mammalia+Mammalia+Mammalia+Mammalia+Mammalia,15.395932905627205,4946.287238600863,68,9,0,0,0
Alpaca+Two-Humped Camel,Vicugna pacos+Camelus ferus,Mammalia+Mammalia,12.0,9849.499999999998,73,2,0,0,0
Orca+Bottle-Nose Dolphin,Orcinus orca+Tursiops truncatus,Mammalia+Mammalia,12.0,4070.9999999999995,72,2,0,0,0
Narwhal+Orca+Bottle-Nose Dolphin,Monodon monoceros+Orcinus orca+Tursiops truncatus,Mammalia+Mammalia+Mammalia,12.0,2917.2676815111017,84,3,0,0,0
Narwhal+Orca+Bottle-Nose Dolphin+North Pacific Minke Whale,Monodon monoceros+Orcinus orca+Tursiops truncatus+Balaenoptera acutorostrata scammoni,Mammalia+Mammalia+Mammalia+Mammalia,11.380898550881753,4727.82257169132,87,4,0,0,0
Goat+Sheep,Capra hircus+Ovis aries,Mammalia+Mammalia,12.999999999999998,-6172.0,83,2,0,0,0
Cattle+Goat+Sheep,Bos taurus+Capra hircus+Ovis aries,Mammalia+Mammalia+Mammalia,12.999999999999998,-2800.923247435206,82,3,0,0,0
Narwhal+Orca+Bottle-Nose Dolphin+North Pacific Minke Whale+Cattle+Goat+Sheep,Monodon monoceros+Orcinus orca+Tursiops truncatus+Balaenoptera acutorostrata scammoni+Bos taurus+Capra hircus+Ovis aries,Mammalia+Mammalia+Mammalia+Mammalia+Mammalia+Mammalia+Mammalia,12.109629454486011,1339.2580399464327,80,7,0,0,0
Narwhal+Orca+Bottle-Nose Dolphin+North Pacific Minke Whale+Cattle+Goat+Sheep+Wild Boar,Monodon monoceros+Orcinus orca+Tursiops truncatus+Balaenoptera acutorostrata scammoni+Bos taurus+Capra hircus+Ovis aries+Sus scrofa,Mammalia+Mammalia+Mammalia+Mammalia+Mammalia+Mammalia+Mammalia+Mammalia,12.720949646443627,6252.31957457902,79,8,0,0,0
Alpaca+Two-Humped Camel+Narwhal+Orca+Bottle-Nose Dolphin+North Pacific Minke Whale+Cattle+Goat+Sheep+Wild Boar,Vicugna pacos+Camelus ferus+Monodon monoceros+Orcinus orca+Tursiops truncatus+Balaenoptera acutorostrata scammoni+Bos taurus+Capra hircus+Ovis aries+Sus scrofa,Mammalia+Mammalia+Mammalia+Mammalia+Mammalia+Mammalia+Mammalia+Mammalia+Mammalia+Mammalia,12.526167890742693,7224.183729437607,94,10,0,0,0
Suricate+Cat+Tiger+Lion+Leopard+Fox+Ermine+American Black Bear+Horse+Alpaca+Two-Humped Camel+Narwhal+Orca+Bottle-Nose Dolphin+North Pacific Minke Whale+Cattle+Goat+Sheep+Wild Boar,Suricata suricatta+Felis catus+Panthera tigris+Panthera leo+Panthera pardus+Vulpes vulpes+Mustela erminea+Ursus americanus+Equus caballus+Vicugna pacos+Camelus ferus+Monodon monoceros+Orcinus orca+Tursiops truncatus+Balaenoptera acutorostrata scammoni+Bos taurus+Capra hircus+Ovis aries+Sus scrofa,Mammalia+Mammalia+Mammalia+Mammalia+Mammalia+Mammalia+Mammalia+Mammalia+Mammalia+Mammalia+Mammalia+Mammalia+Mammalia+Mammalia+Mammalia+Mammalia+Mammalia+Mammalia+Mammalia,14.001168628620196,6053.391351885405,92,19,0,0,0
Suricate+Cat+Tiger+Lion+Leopard+Fox+Ermine+American Black Bear+Horse+Alpaca+Two-Humped Camel+Narwhal+Orca+Bottle-Nose Dolphin+North Pacific Minke Whale+Cattle+Goat+Sheep+Wild Boar+Flying Fox,Suricata suricatta+Felis catus+Panthera tigris+Panthera leo+Panthera pardus+Vulpes vulpes+Mustela erminea+Ursus americanus+Equus caballus+Vicugna pacos+Camelus ferus+Monodon monoceros+Orcinus orca+Tursiops truncatus+Balaenoptera acutorostrata scammoni+Bos taurus+Capra hircus+Ovis aries+Sus scrofa+Pteropus vampyrus,Mammalia+Mammalia+Mammalia+Mammalia+Mammalia+Mammalia+Mammalia+Mammalia+Mammalia+Mammalia+Mammalia+Mammalia+Mammalia+Mammalia+Mammalia+Mammalia+Mammalia+Mammalia+Mammalia+Mammalia,14.000957281287048,5011.620399961372,78,20,0,0,0
Western European Hedgehog+Suricate+Cat+Tiger+Lion+Leopard+Fox+Ermine+American Black Bear+Horse+Alpaca+Two-Humped Camel+Narwhal+Orca+Bottle-Nose Dolphin+North Pacific Minke Whale+Cattle+Goat+Sheep+Wild Boar+Flying Fox,Erinaceus europaeus+Suricata suricatta+Felis catus+Panthera tigris+Panthera leo+Panthera pardus+Vulpes vulpes+Mustela erminea+Ursus americanus+Equus caballus+Vicugna pacos+Camelus ferus+Monodon monoceros+Orcinus orca+Tursiops truncatus+Balaenoptera acutorostrata scammoni+Bos taurus+Capra hircus+Ovis aries+Sus scrofa+Pteropus vampyrus,Mammalia+Mammalia+Mammalia+Mammalia+Mammalia+Mammalia+Mammalia+Mammalia+Mammalia+Mammalia+Mammalia+Mammalia+Mammalia+Mammalia+Mammalia+Mammalia+Mammalia+Mammalia+Mammalia+Mammalia+Mammalia,14.188347866505966,4310.929548817076,98,21,0,0,0
Norway Rat+House Mouse,Rattus norvegicus+Mus musculus,Mammalia+Mammalia,12.759039222889225,798.0656707881668,97,2,0,0,0
Norway Rat+House Mouse+Guinea Pig,Rattus norvegicus+Mus musculus+Cavia porcellus,Mammalia+Mammalia+Mammalia,13.112807135726522,258.9990721910633,77,3,0,0,0
Rabbit+Norway Rat+House Mouse+Guinea Pig,Oryctolagus cuniculus+Rattus norvegicus+Mus musculus+Cavia porcellus,Mammalia+Mammalia+Mammalia+Mammalia,12.723828124959704,-3386.4320291654626,71,4,0,0,0
Human+Chimpanzee,Homo sapiens+Pan troglodytes,Mammalia+Mammalia,12.482709520914762,4212.805118309362,67,2,0,0,0
Gorilla+Human+Chimpanzee,Gorilla gorilla+Homo sapiens+Pan troglodytes,Mammalia+Mammalia+Mammalia,12.309986159506526,3180.562712777719,66,3,0,0,0
Rhesus Monkey+Pig-Tailed Macaque,Macaca mulatta+Macaca nemestrina,Mammalia+Mammalia,11.999999999999998,5912.832665665164,46,2,0,0,0
Gorilla+Human+Chimpanzee+Rhesus Monkey+Pig-Tailed Macaque,Gorilla gorilla+Homo sapiens+Pan troglodytes+Macaca mulatta+Macaca nemestrina,Mammalia+Mammalia+Mammalia+Mammalia+Mammalia,12.164031215758843,4467.034043988134,32,5,0,0,0
Common Marmoset+Gorilla+Human+Chimpanzee+Rhesus Monkey+Pig-Tailed Macaque,Callithrix jacchus+Gorilla gorilla+Homo sapiens+Pan troglodytes+Macaca mulatta+Macaca nemestrina,Mammalia+Mammalia+Mammalia+Mammalia+Mammalia+Mammalia,12.482554475241866,2782.89980685269,106,6,0,0,0
Lemur+Common Marmoset+Gorilla+Human+Chimpanzee+Rhesus Monkey+Pig-Tailed Macaque,Lemur catta+Callithrix jacchus+Gorilla gorilla+Homo sapiens+Pan troglodytes+Macaca mulatta+Macaca nemestrina,Mammalia+Mammalia+Mammalia+Mammalia+Mammalia+Mammalia+Mammalia,12.294246240459252,1785.1154864335197,104,7,0,0,0
Rabbit+Norway Rat+House Mouse+Guinea Pig+Lemur+Common Marmoset+Gorilla+Human+Chimpanzee+Rhesus Monkey+Pig-Tailed Macaque,Oryctolagus cuniculus+Rattus norvegicus+Mus musculus+Cavia porcellus+Lemur catta+Callithrix jacchus+Gorilla gorilla+Homo sapiens+Pan troglodytes+Macaca mulatta+Macaca nemestrina,Mammalia+Mammalia+Mammalia+Mammalia+Mammalia+Mammalia+Mammalia+Mammalia+Mammalia+Mammalia+Mammalia,12.52662891588148,-1012.4374158393078,103,11,0,0,0
Western European Hedgehog+Suricate+Cat+Tiger+Lion+Leopard+Fox+Ermine+American Black Bear+Horse+Alpaca+Two-Humped Camel+Narwhal+Orca+Bottle-Nose Dolphin+North Pacific Minke Whale+Cattle+Goat+Sheep+Wild Boar+Flying Fox+Rabbit+Norway Rat+House Mouse+Guinea Pig+Lemur+Common Marmoset+Gorilla+Human+Chimpanzee+Rhesus Monkey+Pig-Tailed Macaque,Erinaceus europaeus+Suricata suricatta+Felis catus+Panthera tigris+Panthera leo+Panthera pardus+Vulpes vulpes+Mustela erminea+Ursus americanus+Equus caballus+Vicugna pacos+Camelus ferus+Monodon monoceros+Orcinus orca+Tursiops truncatus+Balaenoptera acutorostrata scammoni+Bos taurus+Capra hircus+Ovis aries+Sus scrofa+Pteropus vampyrus+Oryctolagus cuniculus+Rattus norvegicus+Mus musculus+Cavia porcellus+Lemur catta+Callithrix jacchus+Gorilla gorilla+Homo sapiens+Pan troglodytes+Macaca mulatta+Macaca nemestrina,Mammalia+Mammalia+Mammalia+Mammalia+Mammalia+Mammalia+Mammalia+Mammalia+Mammalia+Mammalia+Mammalia+Mammalia+Mammalia+Mammalia+Mammalia+Mammalia+Mammalia+Mammalia+Mammalia+Mammalia+Mammalia+Mammalia+Mammalia+Mammalia+Mammalia+Mammalia+Mammalia+Mammalia+Mammalia+Mammalia+Mammalia+Mammalia,13.395544893418364,1771.1612234755053,31,32,0,0,0
African Bush Elephant+Linne'S Two-Toed Sloth,Loxodonta africana+Choloepus didactylus,Mammalia+Mammalia,21.75,6186.0,30,2,0,0,0
Western European Hedgehog+Suricate+Cat+Tiger+Lion+Leopard+Fox+Ermine+American Black Bear+Horse+Alpaca+Two-Humped Camel+Narwhal+Orca+Bottle-Nose Dolphin+North Pacific Minke Whale+Cattle+Goat+Sheep+Wild Boar+Flying Fox+Rabbit+Norway Rat+House Mouse+Guinea Pig+Lemur+Common Marmoset+Gorilla+Human+Chimpanzee+Rhesus Monkey+Pig-Tailed Macaque+African Bush Elephant+Linne'S Two-Toed Sloth,Erinaceus europaeus+Suricata suricatta+Felis catus+Panthera tigris+Panthera leo+Panthera pardus+Vulpes vulpes+Mustela erminea+Ursus americanus+Equus caballus+Vicugna pacos+Camelus ferus+Monodon monoceros+Orcinus orca+Tursiops truncatus+Balaenoptera acutorostrata scammoni+Bos taurus+Capra hircus+Ovis aries+Sus scrofa+Pteropus vampyrus+Oryctolagus cuniculus+Rattus norvegicus+Mus musculus+Cavia porcellus+Lemur catta+Callithrix jacchus+Gorilla gorilla+Homo sapiens+Pan troglodytes+Macaca mulatta+Macaca nemestrina+Loxodonta africana+Choloepus didactylus,Mammalia+Mammalia+Mammalia+Mammalia+Mammalia+Mammalia+Mammalia+Mammalia+Mammalia+Mammalia+Mammalia+Mammalia+Mammalia+Mammalia+Mammalia+Mammalia+Mammalia+Mammalia+Mammalia+Mammalia+Mammalia+Mammalia+Mammalia+Mammalia+Mammalia+Mammalia+Mammalia+Mammalia+Mammalia+Mammalia+Mammalia+Mammalia+Mammalia+Mammalia,15.553234183994872,2911.3732691688665,111,34,0,0,0
Short-Beaked Echidna+Platypus,Tachyglossus aculeatus+Ornithorhynchus anatinus,Mammalia+Mammalia,16.5,5452.5,29,2,0,0,0
Western European Hedgehog+Suricate+Cat+Tiger+Lion+Leopard+Fox+Ermine+American Black Bear+Horse+Alpaca+Two-Humped Camel+Narwhal+Orca+Bottle-Nose Dolphin+North Pacific Minke Whale+Cattle+Goat+Sheep+Wild Boar+Flying Fox+Rabbit+Norway Rat+House Mouse+Guinea Pig+Lemur+Common Marmoset+Gorilla+Human+Chimpanzee+Rhesus Monkey+Pig-Tailed Macaque+African Bush Elephant+Linne'S Two-Toed Sloth+Short-Beaked Echidna+Platypus,Erinaceus europaeus+Suricata suricatta+Felis catus+Panthera tigris+Panthera leo+Panthera pardus+Vulpes vulpes+Mustela erminea+Ursus americanus+Equus caballus+Vicugna pacos+Camelus ferus+Monodon monoceros+Orcinus orca+Tursiops truncatus+Balaenoptera acutorostrata scammoni+Bos taurus+Capra hircus+Ovis aries+Sus scrofa+Pteropus vampyrus+Oryctolagus cuniculus+Rattus norvegicus+Mus musculus+Cavia porcellus+Lemur catta+Callithrix jacchus+Gorilla gorilla+Homo sapiens+Pan troglodytes+Macaca mulatta+Macaca nemestrina+Loxodonta africana+Choloepus didactylus+Tachyglossus aculeatus+Ornithorhynchus anatinus,Mammalia+Mammalia+Mammalia+Mammalia+Mammalia+Mammalia+Mammalia+Mammalia+Mammalia+Mammalia+Mammalia+Mammalia+Mammalia+Mammalia+Mammalia+Mammalia+Mammalia+Mammalia+Mammalia+Mammalia+Mammalia+Mammalia+Mammalia+Mammalia+Mammalia+Mammalia+Mammalia+Mammalia+Mammalia+Mammalia+Mammalia+Mammalia+Mammalia+Mammalia+Mammalia+Mammalia,15.908202635812945,3864.111323572553,28,36,0,0,0
Golden Pheasant+Common Pheasant,Chrysolophus pictus+Phasianus colchicus,Aves+Aves,6.25,5812.0,220,0,0,2,0
Chicken+Golden Pheasant+Common Pheasant,Gallus gallus+Chrysolophus pictus+Phasianus colchicus,Aves+Aves+Aves,6.137981512619405,4300.646568261018,218,0,0,3,0
Black Swan+Mute Swan,Cygnus atratus+Cygnus olor,Aves+Aves,7.0,1895.5,212,0,0,2,0
Bar-Headed Goose+Swan Goose,Anser indicus+Anser cygnoides,Aves+Aves,7.499999999999999,1317.5,213,0,0,2,0
Black Swan+Mute Swan+Bar-Headed Goose+Swan Goose,Cygnus atratus+Cygnus olor+Anser indicus+Anser cygnoides,Aves+Aves+Aves+Aves,7.263402615513365,1591.0065764665508,211,0,0,4,0
Black Swan+Mute Swan+Bar-Headed Goose+Swan Goose+Eastern Spot-Billed Duck,Cygnus atratus+Cygnus olor+Anser indicus+Anser cygnoides+Anas zonorhyncha,Aves+Aves+Aves+Aves+Aves,6.751830973975439,3073.8054593997476,205,0,0,5,0
Chicken+Golden Pheasant+Common Pheasant+Black Swan+Mute Swan+Bar-Headed Goose+Swan Goose+Eastern Spot-Billed Duck,Gallus gallus+Chrysolophus pictus+Phasianus colchicus+Cygnus atratus+Cygnus olor+Anser indicus+Anser cygnoides+Anas zonorhyncha,Aves+Aves+Aves+Aves+Aves+Aves+Aves+Aves,6.446487053918265,3684.066601666543,204,0,0,8,0
Brown Falcon+Merlin,Falco berigora+Falco columbarius,Aves+Aves,7.0,4789.0,188,0,0,2,0
White Or Black-Backed Wagtail+Zebra Finch,Motacilla alba alba+Taeniopygia guttata,Aves+Aves,6.0,6030.499999999999,151,0,0,2,0
White Or Black-Backed Wagtail+Zebra Finch+Barn Swallow,Motacilla alba alba+Taeniopygia guttata+Hirundo rustica,Aves+Aves+Aves,6.0,4331.855287388299,150,0,0,3,0
White Or Black-Backed Wagtail+Zebra Finch+Barn Swallow+Kakapo,Motacilla alba alba+Taeniopygia guttata+Hirundo rustica+Strigops habroptila,Aves+Aves+Aves+Aves,6.427570429460431,2642.5863954236706,20,0,0,4,0
Brown Falcon+Merlin+White Or Black-Backed Wagtail+Zebra Finch+Barn Swallow+Kakapo,Falco berigora+Falco columbarius+Motacilla alba alba+Taeniopygia guttata+Hirundo rustica+Strigops habroptila,Aves+Aves+Aves+Aves+Aves+Aves,6.606528198913899,3313.6163539869385,191,0,0,6,0
California Condor+Steller'S Sea Eagle,Gymnogyps californianus+Haliaeetus pelagicus,Aves+Aves,5.500000000000001,4028.0,167,0,0,2,0
California Condor+Steller'S Sea Eagle+Oriental Scops Owl,Gymnogyps californianus+Haliaeetus pelagicus+Otus sunia,Aves+Aves+Aves,5.318656713513676,4116.858210378298,182,0,0,3,0
Brown Falcon+Merlin+White Or Black-Backed Wagtail+Zebra Finch+Barn Swallow+Kakapo+California Condor+Steller'S Sea Eagle+Oriental Scops Owl,Falco berigora+Falco columbarius+Motacilla alba alba+Taeniopygia guttata+Hirundo rustica+Strigops habroptila+Gymnogyps californianus+Haliaeetus pelagicus+Otus sunia,Aves+Aves+Aves+Aves+Aves+Aves+Aves+Aves+Aves,5.985532062305287,3700.9299137916673,187,0,0,9,0
Eurasian Woodcock+Common Snipe,Scolopax rusticola+Gallinago gallinago,Aves+Aves,6.5,7506.5,154,0,0,2,0
Ruff+Eurasian Woodcock+Common Snipe,Calidris pugnax+Scolopax rusticola+Gallinago gallinago,Aves+Aves+Aves,7.078589662011359,4688.189756342665,163,0,0,3,0
Common Tern+Razorbill,Sterna hirundo+Alca torda,Aves+Aves,7.5,4481.5,21,0,0,2,0
Common Murre+Common Tern+Razorbill,Uria aalge+Sterna hirundo+Alca torda,Aves+Aves+Aves,7.20586715285072,4214.486201357884,157,0,0,3,0
Atlantic Puffin+Common Murre+Common Tern+Razorbill,Fratercula arctica+Uria aalge+Sterna hirundo+Alca torda,Aves+Aves+Aves+Aves,7.142958885451513,3640.464019458707,156,0,0,4,0
Ruff+Eurasian Woodcock+Common Snipe+Atlantic Puffin+Common Murre+Common Tern+Razorbill,Calidris pugnax+Scolopax rusticola+Gallinago gallinago+Fratercula arctica+Uria aalge+Sterna hirundo+Alca torda,Aves+Aves+Aves+Aves+Aves+Aves+Aves,7.114323417820911,4106.558137437057,161,0,0,7,0
European Golden-Plover+Ruff+Eurasian Woodcock+Common Snipe+Atlantic Puffin+Common Murre+Common Tern+Razorbill,Pluvialis apricaria+Calidris pugnax+Scolopax rusticola+Gallinago gallinago+Fratercula arctica+Uria aalge+Sterna hirundo+Alca torda,Aves+Aves+Aves+Aves+Aves+Aves+Aves+Aves,6.872759925307216,3722.952590744667,153,0,0,8,0
Royal Penguin+Emperor Penguin,Eudyptes schlegeli+Aptenodytes forsteri,Aves+Aves,7.75,5392.0,146,0,0,2,0
Royal Penguin+Emperor Penguin+White Stork,Eudyptes schlegeli+Aptenodytes forsteri+Ciconia ciconia,Aves+Aves+Aves,6.716570863851361,6737.754386184672,144,0,0,3,0
Eurasian Coot+Royal Penguin+Emperor Penguin+White Stork,Fulica atra+Eudyptes schlegeli+Aptenodytes forsteri+Ciconia ciconia,Aves+Aves+Aves+Aves,7.130309116132568,5351.645239312018,143,0,0,4,0
European Golden-Plover+Ruff+Eurasian Woodcock+Common Snipe+Atlantic Puffin+Common Murre+Common Tern+Razorbill+Eurasian Coot+Royal Penguin+Emperor Penguin+White Stork,Pluvialis apricaria+Calidris pugnax+Scolopax rusticola+Gallinago gallinago+Fratercula arctica+Uria aalge+Sterna hirundo+Alca torda+Fulica atra+Eudyptes schlegeli+Aptenodytes forsteri+Ciconia ciconia,Aves+Aves+Aves+Aves+Aves+Aves+Aves+Aves+Aves+Aves+Aves+Aves,6.9770190474617815,4382.267672477444,170,0,0,12,0
Brown Falcon+Merlin+White Or Black-Backed Wagtail+Zebra Finch+Barn Swallow+Kakapo+California Condor+Steller'S Sea Eagle+Oriental Scops Owl+European Golden-Plover+Ruff+Eurasian Woodcock+Common Snipe+Atlantic Puffin+Common Murre+Common Tern+Razorbill+Eurasian Coot+Royal Penguin+Emperor Penguin+White Stork,Falco berigora+Falco columbarius+Motacilla alba alba+Taeniopygia guttata+Hirundo rustica+Strigops habroptila+Gymnogyps californianus+Haliaeetus pelagicus+Otus sunia+Pluvialis apricaria+Calidris pugnax+Scolopax rusticola+Gallinago gallinago+Fratercula arctica+Uria aalge+Sterna hirundo+Alca torda+Fulica atra+Eudyptes schlegeli+Aptenodytes forsteri+Ciconia ciconia,Aves+Aves+Aves+Aves+Aves+Aves+Aves+Aves+Aves+Aves+Aves+Aves+Aves+Aves+Aves+Aves+Aves+Aves+Aves+Aves+Aves,6.545325972197371,4085.613458408865,19,0,0,21,0
Brown Falcon+Merlin+White Or Black-Backed Wagtail+Zebra Finch+Barn Swallow+Kakapo+California Condor+Steller'S Sea Eagle+Oriental Scops Owl+European Golden-Plover+Ruff+Eurasian Woodcock+Common Snipe+Atlantic Puffin+Common Murre+Common Tern+Razorbill+Eurasian Coot+Royal Penguin+Emperor Penguin+White Stork+Common Cuckoo,Falco berigora+Falco columbarius+Motacilla alba alba+Taeniopygia guttata+Hirundo rustica+Strigops habroptila+Gymnogyps californianus+Haliaeetus pelagicus+Otus sunia+Pluvialis apricaria+Calidris pugnax+Scolopax rusticola+Gallinago gallinago+Fratercula arctica+Uria aalge+Sterna hirundo+Alca torda+Fulica atra+Eudyptes schlegeli+Aptenodytes forsteri+Ciconia ciconia+Cuculus canorus,Aves+Aves+Aves+Aves+Aves+Aves+Aves+Aves+Aves+Aves+Aves+Aves+Aves+Aves+Aves+Aves+Aves+Aves+Aves+Aves+Aves+Aves,6.292089508630724,4654.314451476481,207,0,0,22,0
Chicken+Golden Pheasant+Common Pheasant+Black Swan+Mute Swan+Bar-Headed Goose+Swan Goose+Eastern Spot-Billed Duck+Brown Falcon+Merlin+White Or Black-Backed Wagtail+Zebra Finch+Barn Swallow+Kakapo+California Condor+Steller'S Sea Eagle+Oriental Scops Owl+European Golden-Plover+Ruff+Eurasian Woodcock+Common Snipe+Atlantic Puffin+Common Murre+Common Tern+Razorbill+Eurasian Coot+Royal Penguin+Emperor Penguin+White Stork+Common Cuckoo,Gallus gallus+Chrysolophus pictus+Phasianus colchicus+Cygnus atratus+Cygnus olor+Anser indicus+Anser cygnoides+Anas zonorhyncha+Falco berigora+Falco columbarius+Motacilla alba alba+Taeniopygia guttata+Hirundo rustica+Strigops habroptila+Gymnogyps californianus+Haliaeetus pelagicus+Otus sunia+Pluvialis apricaria+Calidris pugnax+Scolopax rusticola+Gallinago gallinago+Fratercula arctica+Uria aalge+Sterna hirundo+Alca torda+Fulica atra+Eudyptes schlegeli+Aptenodytes forsteri+Ciconia ciconia+Cuculus canorus,Aves+Aves+Aves+Aves+Aves+Aves+Aves+Aves+Aves+Aves+Aves+Aves+Aves+Aves+Aves+Aves+Aves+Aves+Aves+Aves+Aves+Aves+Aves+Aves+Aves+Aves+Aves+Aves+Aves+Aves,6.345088624048216,4321.263315981515,225,0,0,30,0
Okarito Kiwi+Emu,Apteryx rowi+Dromaius novaehollandiae,Aves+Aves,8.166666666666666,1020.5,23,0,0,2,0
Chicken+Golden Pheasant+Common Pheasant+Black Swan+Mute Swan+Bar-Headed Goose+Swan Goose+Eastern Spot-Billed Duck+Brown Falcon+Merlin+White Or Black-Backed Wagtail+Zebra Finch+Barn Swallow+Kakapo+California Condor+Steller'S Sea Eagle+Oriental Scops Owl+European Golden-Plover+Ruff+Eurasian Woodcock+Common Snipe+Atlantic Puffin+Common Murre+Common Tern+Razorbill+Eurasian Coot+Royal Penguin+Emperor Penguin+White Stork+Common Cuckoo+Okarito Kiwi+Emu,Gallus gallus+Chrysolophus pictus+Phasianus colchicus+Cygnus atratus+Cygnus olor+Anser indicus+Anser cygnoides+Anas zonorhyncha+Falco berigora+Falco columbarius+Motacilla alba alba+Taeniopygia guttata+Hirundo rustica+Strigops habroptila+Gymnogyps californianus+Haliaeetus pelagicus+Otus sunia+Pluvialis apricaria+Calidris pugnax+Scolopax rusticola+Gallinago gallinago+Fratercula arctica+Uria aalge+Sterna hirundo+Alca torda+Fulica atra+Eudyptes schlegeli+Aptenodytes forsteri+Ciconia ciconia+Cuculus canorus+Apteryx rowi+Dromaius novaehollandiae,Aves+Aves+Aves+Aves+Aves+Aves+Aves+Aves+Aves+Aves+Aves+Aves+Aves+Aves+Aves+Aves+Aves+Aves+Aves+Aves+Aves+Aves+Aves+Aves+Aves+Aves+Aves+Aves+Aves+Aves+Aves+Aves,6.858126931688981,3391.6199046458983,229,0,0,32,0
American Alligator+Australian Saltwater Crocodile,Alligator mississippiensis+Crocodylus porosus,Reptilia+Reptilia,19.0,9396.5,119,0,2,0,0
Chicken+Golden Pheasant+Common Pheasant+Black Swan+Mute Swan+Bar-Headed Goose+Swan Goose+Eastern Spot-Billed Duck+Brown Falcon+Merlin+White Or Black-Backed Wagtail+Zebra Finch+Barn Swallow+Kakapo+California Condor+Steller'S Sea Eagle+Oriental Scops Owl+European Golden-Plover+Ruff+Eurasian Woodcock+Common Snipe+Atlantic Puffin+Common Murre+Common Tern+Razorbill+Eurasian Coot+Royal Penguin+Emperor Penguin+White Stork+Common Cuckoo+Okarito Kiwi+Emu+American Alligator+Australian Saltwater Crocodile,Gallus gallus+Chrysolophus pictus+Phasianus colchicus+Cygnus atratus+Cygnus olor+Anser indicus+Anser cygnoides+Anas zonorhyncha+Falco berigora+Falco columbarius+Motacilla alba alba+Taeniopygia guttata+Hirundo rustica+Strigops habroptila+Gymnogyps californianus+Haliaeetus pelagicus+Otus sunia+Pluvialis apricaria+Calidris pugnax+Scolopax rusticola+Gallinago gallinago+Fratercula arctica+Uria aalge+Sterna hirundo+Alca torda+Fulica atra+Eudyptes schlegeli+Aptenodytes forsteri+Ciconia ciconia+Cuculus canorus+Apteryx rowi+Dromaius novaehollandiae+Alligator mississippiensis+Crocodylus porosus,Aves+Aves+Aves+Aves+Aves+Aves+Aves+Aves+Aves+Aves+Aves+Aves+Aves+Aves+Aves+Aves+Aves+Aves+Aves+Aves+Aves+Aves+Aves+Aves+Aves+Aves+Aves+Aves+Aves+Aves+Aves+Aves+Reptilia+Reptilia,12.21612090163557,6041.467350764449,228,0,2,32,0
Green Sea Turtle+Snapping Turtle,Chelonia mydas+Chelydra serpentina,Reptilia+Reptilia,9.25,-36.0,224,0,2,0,0
Chinese Soft-Shelled Turtle+Green Sea Turtle+Snapping Turtle,Pelodiscus sinensis+Chelonia mydas+Chelydra serpentina,Reptilia+Reptilia+Reptilia,9.555718885516846,26.366652645436776,234,0,3,0,0
West African Mud Turtle+Chinese Soft-Shelled Turtle+Green Sea Turtle+Snapping Turtle,Pelusios castaneus+Pelodiscus sinensis+Chelonia mydas+Chelydra serpentina,Reptilia+Reptilia+Reptilia+Reptilia,8.722604140017063,2755.3566151656364,233,0,4,0,0
Chicken+Golden Pheasant+Common Pheasant+Black Swan+Mute Swan+Bar-Headed Goose+Swan Goose+Eastern Spot-Billed Duck+Brown Falcon+Merlin+White Or Black-Backed Wagtail+Zebra Finch+Barn Swallow+Kakapo+California Condor+Steller'S Sea Eagle+Oriental Scops Owl+European Golden-Plover+Ruff+Eurasian Woodcock+Common Snipe+Atlantic Puffin+Common Murre+Common Tern+Razorbill+Eurasian Coot+Royal Penguin+Emperor Penguin+White Stork+Common Cuckoo+Okarito Kiwi+Emu+American Alligator+Australian Saltwater Crocodile+West African Mud Turtle+Chinese Soft-Shelled Turtle+Green Sea Turtle+Snapping Turtle,Gallus gallus+Chrysolophus pictus+Phasianus colchicus+Cygnus atratus+Cygnus olor+Anser indicus+Anser cygnoides+Anas zonorhyncha+Falco berigora+Falco columbarius+Motacilla alba alba+Taeniopygia guttata+Hirundo rustica+Strigops habroptila+Gymnogyps californianus+Haliaeetus pelagicus+Otus sunia+Pluvialis apricaria+Calidris pugnax+Scolopax rusticola+Gallinago gallinago+Fratercula arctica+Uria aalge+Sterna hirundo+Alca torda+Fulica atra+Eudyptes schlegeli+Aptenodytes forsteri+Ciconia ciconia+Cuculus canorus+Apteryx rowi+Dromaius novaehollandiae+Alligator mississippiensis+Crocodylus porosus+Pelusios castaneus+Pelodiscus sinensis+Chelonia mydas+Chelydra serpentina,Aves+Aves+Aves+Aves+Aves+Aves+Aves+Aves+Aves+Aves+Aves+Aves+Aves+Aves+Aves+Aves+Aves+Aves+Aves+Aves+Aves+Aves+Aves+Aves+Aves+Aves+Aves+Aves+Aves+Aves+Aves+Aves+Reptilia+Reptilia+Reptilia+Reptilia+Reptilia+Reptilia,10.625556365392546,4545.332780684574,223,0,6,32,0
Sand Lizard+Common Wall Lizard,Lacerta agilis+Podarcis muralis,Reptilia+Reptilia,20.0,5407.0,121,0,2,0,0
Viviparous (Common) Lizard+Sand Lizard+Common Wall Lizard,Zootoca vivipara+Lacerta agilis+Podarcis muralis,Reptilia+Reptilia+Reptilia,20.000000000000004,4618.270140456432,120,0,3,0,0
Viviparous (Common) Lizard+Sand Lizard+Common Wall Lizard+Argentine Black And White Tegu,Zootoca vivipara+Lacerta agilis+Podarcis muralis+Salvator merianae,Reptilia+Reptilia+Reptilia+Reptilia,20.88780004313791,6901.571936052701,136,0,4,0,0
Central Bearded Dragon+Desert Horned Lizard,Pogona vitticeps+Phrynosoma platyrhinos,Reptilia+Reptilia,17.5,6982.0,123,0,2,0,0
Chinese Crocodile Lizard+Komodo Dragon,Shinisaurus crocodilurus+Varanus komodoensis,Reptilia+Reptilia,23.835000000000004,10193.000000000002,124,0,2,0,0
Central Bearded Dragon+Desert Horned Lizard+Chinese Crocodile Lizard+Komodo Dragon,Pogona vitticeps+Phrynosoma platyrhinos+Shinisaurus crocodilurus+Varanus komodoensis,Reptilia+Reptilia+Reptilia+Reptilia,20.35957688801856,8431.424054842555,128,0,4,0,0
Viviparous (Common) Lizard+Sand Lizard+Common Wall Lizard+Argentine Black And White Tegu+Central Bearded Dragon+Desert Horned Lizard+Chinese Crocodile Lizard+Komodo Dragon,Zootoca vivipara+Lacerta agilis+Podarcis muralis+Salvator merianae+Pogona vitticeps+Phrynosoma platyrhinos+Shinisaurus crocodilurus+Varanus komodoensis,Reptilia+Reptilia+Reptilia+Reptilia+Reptilia+Reptilia+Reptilia+Reptilia,20.574608171948846,7808.645477003585,134,0,8,0,0
Viviparous (Common) Lizard+Sand Lizard+Common Wall Lizard+Argentine Black And White Tegu+Central Bearded Dragon+Desert Horned Lizard+Chinese Crocodile Lizard+Komodo Dragon+Common Leopard Gecko,Zootoca vivipara+Lacerta agilis+Podarcis muralis+Salvator merianae+Pogona vitticeps+Phrynosoma platyrhinos+Shinisaurus crocodilurus+Varanus komodoensis+Eublepharis macularius,Reptilia+Reptilia+Reptilia+Reptilia+Reptilia+Reptilia+Reptilia+Reptilia+Reptilia,21.124333949869357,8359.04276282838,139,0,9,0,0
Regal Horned Lizard+Viviparous (Common) Lizard+Sand Lizard+Common Wall Lizard+Argentine Black And White Tegu+Central Bearded Dragon+Desert Horned Lizard+Chinese Crocodile Lizard+Komodo Dragon+Common Leopard Gecko,Sphenodon punctatus+Zootoca vivipara+Lacerta agilis+Podarcis muralis+Salvator merianae+Pogona vitticeps+Phrynosoma platyrhinos+Shinisaurus crocodilurus+Varanus komodoensis+Eublepharis macularius,Reptilia+Reptilia+Reptilia+Reptilia+Reptilia+Reptilia+Reptilia+Reptilia+Reptilia+Reptilia,21.0888222698451,7183.437920278777,133,0,10,0,0
Chicken+Golden Pheasant+Common Pheasant+Black Swan+Mute Swan+Bar-Headed Goose+Swan Goose+Eastern Spot-Billed Duck+Brown Falcon+Merlin+White Or Black-Backed Wagtail+Zebra Finch+Barn Swallow+Kakapo+California Condor+Steller'S Sea Eagle+Oriental Scops Owl+European Golden-Plover+Ruff+Eurasian Woodcock+Common Snipe+Atlantic Puffin+Common Murre+Common Tern+Razorbill+Eurasian Coot+Royal Penguin+Emperor Penguin+White Stork+Common Cuckoo+Okarito Kiwi+Emu+American Alligator+Australian Saltwater Crocodile+West African Mud Turtle+Chinese Soft-Shelled Turtle+Green Sea Turtle+Snapping Turtle+Regal Horned Lizard+Viviparous (Common) Lizard+Sand Lizard+Common Wall Lizard+Argentine Black And White Tegu+Central Bearded Dragon+Desert Horned Lizard+Chinese Crocodile Lizard+Komodo Dragon+Common Leopard Gecko,Gallus gallus+Chrysolophus pictus+Phasianus colchicus+Cygnus atratus+Cygnus olor+Anser indicus+Anser cygnoides+Anas zonorhyncha+Falco berigora+Falco columbarius+Motacilla alba alba+Taeniopygia guttata+Hirundo rustica+Strigops habroptila+Gymnogyps californianus+Haliaeetus pelagicus+Otus sunia+Pluvialis apricaria+Calidris pugnax+Scolopax rusticola+Gallinago gallinago+Fratercula arctica+Uria aalge+Sterna hirundo+Alca torda+Fulica atra+Eudyptes schlegeli+Aptenodytes forsteri+Ciconia ciconia+Cuculus canorus+Apteryx rowi+Dromaius novaehollandiae+Alligator mississippiensis+Crocodylus porosus+Pelusios castaneus+Pelodiscus sinensis+Chelonia mydas+Chelydra serpentina+Sphenodon punctatus+Zootoca vivipara+Lacerta agilis+Podarcis muralis+Salvator merianae+Pogona vitticeps+Phrynosoma platyrhinos+Shinisaurus crocodilurus+Varanus komodoensis+Eublepharis macularius,Aves+Aves+Aves+Aves+Aves+Aves+Aves+Aves+Aves+Aves+Aves+Aves+Aves+Aves+Aves+Aves+Aves+Aves+Aves+Aves+Aves+Aves+Aves+Aves+Aves+Aves+Aves+Aves+Aves+Aves+Aves+Aves+Reptilia+Reptilia+Reptilia+Reptilia+Reptilia+Reptilia+Reptilia+Reptilia+Reptilia+Reptilia+Reptilia+Reptilia+Reptilia+Reptilia+Reptilia+Reptilia,14.99964858373895,5648.173448947453,203,0,16,32,0
Western European Hedgehog+Suricate+Cat+Tiger+Lion+Leopard+Fox+Ermine+American Black Bear+Horse+Alpaca+Two-Humped Camel+Narwhal+Orca+Bottle-Nose Dolphin+North Pacific Minke Whale+Cattle+Goat+Sheep+Wild Boar+Flying Fox+Rabbit+Norway Rat+House Mouse+Guinea Pig+Lemur+Common Marmoset+Gorilla+Human+Chimpanzee+Rhesus Monkey+Pig-Tailed Macaque+African Bush Elephant+Linne'S Two-Toed Sloth+Short-Beaked Echidna+Platypus+Chicken+Golden Pheasant+Common Pheasant+Black Swan+Mute Swan+Bar-Headed Goose+Swan Goose+Eastern Spot-Billed Duck+Brown Falcon+Merlin+White Or Black-Backed Wagtail+Zebra Finch+Barn Swallow+Kakapo+California Condor+Steller'S Sea Eagle+Oriental Scops Owl+European Golden-Plover+Ruff+Eurasian Woodcock+Common Snipe+Atlantic Puffin+Common Murre+Common Tern+Razorbill+Eurasian Coot+Royal Penguin+Emperor Penguin+White Stork+Common Cuckoo+Okarito Kiwi+Emu+American Alligator+Australian Saltwater Crocodile+West African Mud Turtle+Chinese Soft-Shelled Turtle+Green Sea Turtle+Snapping Turtle+Regal Horned Lizard+Viviparous (Common) Lizard+Sand Lizard+Common Wall Lizard+Argentine Black And White Tegu+Central Bearded Dragon+Desert Horned Lizard+Chinese Crocodile Lizard+Komodo Dragon+Common Leopard Gecko,Erinaceus europaeus+Suricata suricatta+Felis catus+Panthera tigris+Panthera leo+Panthera pardus+Vulpes vulpes+Mustela erminea+Ursus americanus+Equus caballus+Vicugna pacos+Camelus ferus+Monodon monoceros+Orcinus orca+Tursiops truncatus+Balaenoptera acutorostrata scammoni+Bos taurus+Capra hircus+Ovis aries+Sus scrofa+Pteropus vampyrus+Oryctolagus cuniculus+Rattus norvegicus+Mus musculus+Cavia porcellus+Lemur catta+Callithrix jacchus+Gorilla gorilla+Homo sapiens+Pan troglodytes+Macaca mulatta+Macaca nemestrina+Loxodonta africana+Choloepus didactylus+Tachyglossus aculeatus+Ornithorhynchus anatinus+Gallus gallus+Chrysolophus pictus+Phasianus colchicus+Cygnus atratus+Cygnus olor+Anser indicus+Anser cygnoides+Anas zonorhyncha+Falco berigora+Falco columbarius+Motacilla alba alba+Taeniopygia guttata+Hirundo rustica+Strigops habroptila+Gymnogyps californianus+Haliaeetus pelagicus+Otus sunia+Pluvialis apricaria+Calidris pugnax+Scolopax rusticola+Gallinago gallinago+Fratercula arctica+Uria aalge+Sterna hirundo+Alca torda+Fulica atra+Eudyptes schlegeli+Aptenodytes forsteri+Ciconia ciconia+Cuculus canorus+Apteryx rowi+Dromaius novaehollandiae+Alligator mississippiensis+Crocodylus porosus+Pelusios castaneus+Pelodiscus sinensis+Chelonia mydas+Chelydra serpentina+Sphenodon punctatus+Zootoca vivipara+Lacerta agilis+Podarcis muralis+Salvator merianae+Pogona vitticeps+Phrynosoma platyrhinos+Shinisaurus crocodilurus+Varanus komodoensis+Eublepharis macularius,Mammalia+Mammalia+Mammalia+Mammalia+Mammalia+Mammalia+Mammalia+Mammalia+Mammalia+Mammalia+Mammalia+Mammalia+Mammalia+Mammalia+Mammalia+Mammalia+Mammalia+Mammalia+Mammalia+Mammalia+Mammalia+Mammalia+Mammalia+Mammalia+Mammalia+Mammalia+Mammalia+Mammalia+Mammalia+Mammalia+Mammalia+Mammalia+Mammalia+Mammalia+Mammalia+Mammalia+Aves+Aves+Aves+Aves+Aves+Aves+Aves+Aves+Aves+Aves+Aves+Aves+Aves+Aves+Aves+Aves+Aves+Aves+Aves+Aves+Aves+Aves+Aves+Aves+Aves+Aves+Aves+Aves+Aves+Aves+Aves+Aves+Reptilia+Reptilia+Reptilia+Reptilia+Reptilia+Reptilia+Reptilia+Reptilia+Reptilia+Reptilia+Reptilia+Reptilia+Reptilia+Reptilia+Reptilia+Reptilia,15.268955059423218,5119.355727767587,199,36,16,32,0
Axolotl+Iberian Ribbed Newt,Ambystoma mexicanum+Pleurodeles waltl,Amphibia+Amphibia,13.750000000000002,6513.999999999999,25,0,0,0,2
African Clawed Frog+Western Clawed Frog,Xenopus laevis+Xenopus tropicalis,Amphibia+Amphibia,7.0,12934.5,35,0,0,0,2
Common Toad+Asiatic Toad,Bufo bufo+Bufo gargarizans,Amphibia+Amphibia,7.0,4563.0,37,0,0,0,2
African Clawed Frog+Western Clawed Frog+Common Toad+Asiatic Toad,Xenopus laevis+Xenopus tropicalis+Bufo bufo+Bufo gargarizans,Amphibia+Amphibia+Amphibia+Amphibia,6.999999999999999,9003.70578524082,34,0,0,0,4
European Fire-Bellied Toad+Painted Frog,Bombina bombina+Discoglossus pictus,Amphibia+Amphibia,7.0,5955.0,43,0,0,0,2
African Clawed Frog+Western Clawed Frog+Common Toad+Asiatic Toad+European Fire-Bellied Toad+Painted Frog,Xenopus laevis+Xenopus tropicalis+Bufo bufo+Bufo gargarizans+Bombina bombina+Discoglossus pictus,Amphibia+Amphibia+Amphibia+Amphibia+Amphibia+Amphibia,7.0,7675.204527742149,33,0,0,0,6
Axolotl+Iberian Ribbed Newt+African Clawed Frog+Western Clawed Frog+Common Toad+Asiatic Toad+European Fire-Bellied Toad+Painted Frog,Ambystoma mexicanum+Pleurodeles waltl+Xenopus laevis+Xenopus tropicalis+Bufo bufo+Bufo gargarizans+Bombina bombina+Discoglossus pictus,Amphibia+Amphibia+Amphibia+Amphibia+Amphibia+Amphibia+Amphibia+Amphibia,9.648199034213182,7219.63405235093,51,0,0,0,8
Western European Hedgehog+Suricate+Cat+Tiger+Lion+Leopard+Fox+Ermine+American Black Bear+Horse+Alpaca+Two-Humped Camel+Narwhal+Orca+Bottle-Nose Dolphin+North Pacific Minke Whale+Cattle+Goat+Sheep+Wild Boar+Flying Fox+Rabbit+Norway Rat+House Mouse+Guinea Pig+Lemur+Common Marmoset+Gorilla+Human+Chimpanzee+Rhesus Monkey+Pig-Tailed Macaque+African Bush Elephant+Linne'S Two-Toed Sloth+Short-Beaked Echidna+Platypus+Chicken+Golden Pheasant+Common Pheasant+Black Swan+Mute Swan+Bar-Headed Goose+Swan Goose+Eastern Spot-Billed Duck+Brown Falcon+Merlin+White Or Black-Backed Wagtail+Zebra Finch+Barn Swallow+Kakapo+California Condor+Steller'S Sea Eagle+Oriental Scops Owl+European Golden-Plover+Ruff+Eurasian Woodcock+Common Snipe+Atlantic Puffin+Common Murre+Common Tern+Razorbill+Eurasian Coot+Royal Penguin+Emperor Penguin+White Stork+Common Cuckoo+Okarito Kiwi+Emu+American Alligator+Australian Saltwater Crocodile+West African Mud Turtle+Chinese Soft-Shelled Turtle+Green Sea Turtle+Snapping Turtle+Regal Horned Lizard+Viviparous (Common) Lizard+Sand Lizard+Common Wall Lizard+Argentine Black And White Tegu+Central Bearded Dragon+Desert Horned Lizard+Chinese Crocodile Lizard+Komodo Dragon+Common Leopard Gecko+Axolotl+Iberian Ribbed Newt+African Clawed Frog+Western Clawed Frog+Common Toad+Asiatic Toad+European Fire-Bellied Toad+Painted Frog,Erinaceus europaeus+Suricata suricatta+Felis catus+Panthera tigris+Panthera leo+Panthera pardus+Vulpes vulpes+Mustela erminea+Ursus americanus+Equus caballus+Vicugna pacos+Camelus ferus+Monodon monoceros+Orcinus orca+Tursiops truncatus+Balaenoptera acutorostrata scammoni+Bos taurus+Capra hircus+Ovis aries+Sus scrofa+Pteropus vampyrus+Oryctolagus cuniculus+Rattus norvegicus+Mus musculus+Cavia porcellus+Lemur catta+Callithrix jacchus+Gorilla gorilla+Homo sapiens+Pan troglodytes+Macaca mulatta+Macaca nemestrina+Loxodonta africana+Choloepus didactylus+Tachyglossus aculeatus+Ornithorhynchus anatinus+Gallus gallus+Chrysolophus pictus+Phasianus colchicus+Cygnus atratus+Cygnus olor+Anser indicus+Anser cygnoides+Anas zonorhyncha+Falco berigora+Falco columbarius+Motacilla alba alba+Taeniopygia guttata+Hirundo rustica+Strigops habroptila+Gymnogyps californianus+Haliaeetus pelagicus+Otus sunia+Pluvialis apricaria+Calidris pugnax+Scolopax rusticola+Gallinago gallinago+Fratercula arctica+Uria aalge+Sterna hirundo+Alca torda+Fulica atra+Eudyptes schlegeli+Aptenodytes forsteri+Ciconia ciconia+Cuculus canorus+Apteryx rowi+Dromaius novaehollandiae+Alligator mississippiensis+Crocodylus porosus+Pelusios castaneus+Pelodiscus sinensis+Chelonia mydas+Chelydra serpentina+Sphenodon punctatus+Zootoca vivipara+Lacerta agilis+Podarcis muralis+Salvator merianae+Pogona vitticeps+Phrynosoma platyrhinos+Shinisaurus crocodilurus+Varanus komodoensis+Eublepharis macularius+Ambystoma mexicanum+Pleurodeles waltl+Xenopus laevis+Xenopus tropicalis+Bufo bufo+Bufo gargarizans+Bombina bombina+Discoglossus pictus,Mammalia+Mammalia+Mammalia+Mammalia+Mammalia+Mammalia+Mammalia+Mammalia+Mammalia+Mammalia+Mammalia+Mammalia+Mammalia+Mammalia+Mammalia+Mammalia+Mammalia+Mammalia+Mammalia+Mammalia+Mammalia+Mammalia+Mammalia+Mammalia+Mammalia+Mammalia+Mammalia+Mammalia+Mammalia+Mammalia+Mammalia+Mammalia+Mammalia+Mammalia+Mammalia+Mammalia+Aves+Aves+Aves+Aves+Aves+Aves+Aves+Aves+Aves+Aves+Aves+Aves+Aves+Aves+Aves+Aves+Aves+Aves+Aves+Aves+Aves+Aves+Aves+Aves+Aves+Aves+Aves+Aves+Aves+Aves+Aves+Aves+Reptilia+Reptilia+Reptilia+Reptilia+Reptilia+Reptilia+Reptilia+Reptilia+Reptilia+Reptilia+Reptilia+Reptilia+Reptilia+Reptilia+Reptilia+Reptilia+Amphibia+Amphibia+Amphibia+Amphibia+Amphibia+Amphibia+Amphibia+Amphibia,13.087374040618824,5934.5356264443135,root,36,16,32,8
