Common Name,Species,Class,Thoracic,A7,node,Mammalia,Reptilia,Aves,Amphibia
Common Toad,Bufo bufo,Amphibia,7.0,3377.0,0,0,0,0,1
Asiatic Toad,Bufo gargarizans,Amphibia,7.0,3447.0,0,0,0,0,1
Common Frog,Rana temporaria,Amphibia,7.0,11516.0,0,0,0,0,1
Western Clawed Frog,Xenopus tropicalis,Amphibia,7.0,14102.0,0,0,0,0,1
Western European Hedgehog,Erinaceus europaeus,Mammalia,15.0,7006.0,0,1,0,0,0
Suricate,Suricata suricatta,Mammalia,15.0,5777.0,0,1,0,0,0
Cat,Felis catus,Mammalia,13.0,12683.0,0,1,0,0,0
Tiger,Panthera tigris,Mammalia,13.0,11937.0,0,1,0,0,0
Lion,Panthera leo,Mammalia,13.0,11629.0,0,1,0,0,0
Leopard,Panthera pardus,Mammalia,13.0,13545.0,0,1,0,0,0
Fox,Vulpes vulpes,Mammalia,13.0,6955.0,0,1,0,0,0
Ermine,Mustela erminea,Mammalia,14.0,5428.0,0,1,0,0,0
American Black Bear,Ursus americanus,Mammalia,14.0,5068.0,0,1,0,0,0
Horse,Equus caballus,Mammalia,19.0,10880.0,0,1,0,0,0
Alpaca,Vicugna pacos,Mammalia,12.0,4386.0,0,1,0,0,0
Two-Humped Camel,Camelus ferus,Mammalia,12.0,4534.0,0,1,0,0,0
Narwhal,Monodon monoceros,Mammalia,12.0,11719.0,0,1,0,0,0
Orca,Orcinus orca,Mammalia,11.0,1393.0,0,1,0,0,0
Bottle-Nose Dolphin,Tursiops truncatus,Mammalia,13.0,11361.0,0,1,0,0,0
North Pacific Minke Whale,Balaenoptera acutorostrata scammoni,Mammalia,10.5,10669.0,0,1,0,0,0
Cattle,Bos taurus,Mammalia,13.0,5218.0,0,1,0,0,0
Goat,Capra hircus,Mammalia,13.0,14048.0,0,1,0,0,0
Sheep,Ovis aries,Mammalia,13.0,3701.0,0,1,0,0,0
Wild Boar,Sus scrofa,Mammalia,14.25,5625.0,0,1,0,0,0
Flying Fox,Pteropus vampyrus,Mammalia,14.0,14198.0,0,1,0,0,0
Rabbit,Oryctolagus cuniculus,Mammalia,12.0,10067.0,0,1,0,0,0
Norway Rat,Rattus norvegicus,Mammalia,12.5,13614.0,0,1,0,0,0
House Mouse,Mus musculus,Mammalia,13.0,11747.0,0,1,0,0,0
Lemur,Lemur catta,Mammalia,12.0,15186.0,0,1,0,0,0
Common Marmoset,Callithrix jacchus,Mammalia,13.0,5705.0,0,1,0,0,0
Gorilla,Gorilla gorilla,Mammalia,12.0,11795.0,0,1,0,0,0
Human,Homo sapiens,Mammalia,12.0,11821.0,0,1,0,0,0
Chimpanzee,Pan troglodytes,Mammalia,13.0,15018.0,0,1,0,0,0
Rhesus Monkey,Macaca mulatta,Mammalia,12.0,4289.0,0,1,0,0,0
Pig-Tailed Macaque,Macaca nemestrina,Mammalia,12.0,12204.0,0,1,0,0,0
African Bush Elephant,Loxodonta africana,Mammalia,20.5,5696.0,0,1,0,0,0
Linne'S Two-Toed Sloth,Choloepus didactylus,Mammalia,23.0,10979.0,0,1,0,0,0
Short-Beaked Echidna,Tachyglossus aculeatus,Mammalia,16.0,14230.0,0,1,0,0,0
Platypus,Ornithorhynchus anatinus,Mammalia,17.0,6653.0,0,1,0,0,0
Okarito Kiwi,Apteryx rowi,Aves,8.0,6182.0,0,0,0,1,0
Emu,Dromaius novaehollandiae,Aves,8.333333333333334,12790.0,0,0,0,1,0
Chicken,Gallus gallus,Aves,6.0,26983.0,0,0,0,1,0
Common Pheasant,Phasianus colchicus,Aves,5.5,12349.0,0,0,0,1,0
Black Swan,Cygnus atratus,Aves,7.5,19548.0,0,0,0,1,0
Mute Swan,Cygnus olor,Aves,6.5,12392.0,0,0,0,1,0
Swan Goose,Anser cygnoides,Aves,6.0,13424.0,0,0,0,1,0
Mallard,Anas platyrhynchos,Aves,6.0,5682.0,0,0,0,1,0
Common Cuckoo,Cuculus canorus,Aves,5.0,11271.0,0,0,0,1,0
White Or Black-Backed Wagtail,Motacilla alba alba,Aves,5.0,12635.0,0,0,0,1,0
Zebra Finch,Taeniopygia guttata,Aves,7.0,12461.0,0,0,0,1,0
Barn Swallow,Hirundo rustica,Aves,6.0,5822.0,0,0,0,1,0
Kakapo,Strigops habroptila,Aves,7.0,12166.0,0,0,0,1,0
Budgerigar,Melopsittacus undulatus,Aves,5.0,6731.0,0,0,0,1,0
Ruff,Calidris pugnax,Aves,8.0,13068.0,0,0,0,1,0
Emperor Penguin,Aptenodytes forsteri,Aves,8.5,6366.0,0,0,0,1,0
American Alligator,Alligator mississippiensis,Reptilia,20.0,27291.0,0,0,1,0,0
Australian Saltwater Crocodile,Crocodylus porosus,Reptilia,18.0,53157.0,0,0,1,0,0
Chinese Soft-Shelled Turtle,Pelodiscus sinensis,Reptilia,10.0,11373.0,0,0,1,0,0
Green Sea Turtle,Chelonia mydas,Reptilia,9.5,5818.0,0,0,1,0,0
Viviparous (Common) Lizard,Zootoca vivipara,Reptilia,20.0,14623.0,0,0,1,0,0
Sand Lizard,Lacerta agilis,Reptilia,20.0,7097.0,0,0,1,0,0
Common Wall Lizard,Podarcis muralis,Reptilia,20.0,14762.0,0,0,1,0,0
Central Bearded Dragon,Pogona vitticeps,Reptilia,16.0,8493.0,0,0,1,0,0
Komodo Dragon,Varanus komodoensis,Reptilia,25.0,12388.0,0,0,1,0,0
Axolotl,Ambystoma mexicanum,Amphibia,15.5,10046.0,0,0,0,0,1
Iberian Ribbed Newt,Pleurodeles waltl,Amphibia,12.0,10542.0,0,0,0,0,1
African Clawed Frog,Xenopus laevis,Amphibia,7.0,8862.0,0,0,0,0,1
European Fire-Bellied Toad,Bombina bombina,Amphibia,7.0,8520.0,0,0,0,0,1
Painted Frog,Discoglossus pictus,Amphibia,7.0,8194.0,0,0,0,0,1
Golden Pheasant,Chrysolophus pictus,Aves,7.0,13149.0,0,0,0,1,0
Bar-Headed Goose,Anser indicus,Aves,9.0,11319.0,0,0,0,1,0
Eastern Spot-Billed Duck,Anas zonorhyncha,Aves,6.0,22385.0,0,0,0,1,0
Brown Falcon,Falco berigora,Aves,7.0,14531.0,0,0,0,1,0
Merlin,Falco columbarius,Aves,7.0,13250.0,0,0,0,1,0
California Condor,Gymnogyps californianus,Aves,5.0,12040.0,0,0,0,1,0
Steller'S Sea Eagle,Haliaeetus pelagicus,Aves,6.0,12583.0,0,0,0,1,0
Oriental Scops Owl,Otus sunia,Aves,5.0,14340.0,0,0,0,1,0
European Golden-Plover,Pluvialis apricaria,Aves,6.0,22790.0,0,0,0,1,0
Eurasian Woodcock,Scolopax rusticola,Aves,6.0,23699.0,0,0,0,1,0
Common Snipe,Gallinago gallinago,Aves,7.0,22856.0,0,0,0,1,0
Atlantic Puffin,Fratercula arctica,Aves,7.0,22765.0,0,0,0,1,0
Common Murre,Uria aalge,Aves,6.666666666666667,20432.0,0,0,0,1,0
Common Tern,Sterna hirundo,Aves,7.0,22651.0,0,0,0,1,0
Razorbill,Alca torda,Aves,8.0,22721.0,0,0,0,1,0
Eurasian Coot,Fulica atra,Aves,8.0,19852.0,0,0,0,1,0
Royal Penguin,Eudyptes schlegeli,Aves,7.0,21951.0,0,0,0,1,0
White Stork,Ciconia ciconia,Aves,5.5,22642.0,0,0,0,1,0
West African Mud Turtle,Pelusios castaneus,Reptilia,7.0,10973.0,0,0,1,0,0
Snapping Turtle,Chelydra serpentina,Reptilia,9.0,11861.0,0,0,1,0,0
Regal Horned Lizard,Sphenodon punctatus,Reptilia,21.0,10088.0,0,0,1,0,0
Argentine Black And White Tegu,Salvator merianae,Reptilia,22.0,6791.0,0,0,1,0,0
Desert Horned Lizard,Phrynosoma platyrhinos,Reptilia,19.0,8399.0,0,0,1,0,0
Chinese Crocodile Lizard,Shinisaurus crocodilurus,Reptilia,22.67,12582.0,0,0,1,0,0
Common Leopard Gecko,Eublepharis macularius,Reptilia,23.0,8529.0,0,0,1,0,0
Lion+Leopard,Panthera leo+Panthera pardus,Mammalia+Mammalia,12.999999999999998,12586.999999999998,49,2,0,0,0
Tiger+Lion+Leopard,Panthera tigris+Panthera leo+Panthera pardus,Mammalia+Mammalia+Mammalia,13.0,12264.387406416485,57,3,0,0,0
Cat+Tiger+Lion+Leopard,Felis catus+Panthera tigris+Panthera leo+Panthera pardus,Mammalia+Mammalia+Mammalia+Mammalia,13.0,12430.138389580381,60,4,0,0,0
Suricate+Cat+Tiger+Lion+Leopard,Suricata suricatta+Felis catus+Panthera tigris+Panthera leo+Panthera pardus,Mammalia+Mammalia+Mammalia+Mammalia+Mammalia,13.892161122758525,9462.302681822452,56,5,0,0,0
Ermine+American Black Bear,Mustela erminea+Ursus americanus,Mammalia+Mammalia,14.0,5248.0,48,2,0,0,0
Fox+Ermine+American Black Bear,Vulpes vulpes+Mustela erminea+Ursus americanus,Mammalia+Mammalia+Mammalia,13.642999714856002,5857.399486740804,63,3,0,0,0
Suricate+Cat+Tiger+Lion+Leopard+Fox+Ermine+American Black Bear,Suricata suricatta+Felis catus+Panthera tigris+Panthera leo+Panthera pardus+Vulpes vulpes+Mustela erminea+Ursus americanus,Mammalia+Mammalia+Mammalia+Mammalia+Mammalia+Mammalia+Mammalia+Mammalia,13.75024134453235,7408.986856231348,47,8,0,0,0
Suricate+Cat+Tiger+Lion+Leopard+Fox+Ermine+American Black Bear+Horse,Suricata suricatta+Felis catus+Panthera tigris+Panthera leo+Panthera pardus+Vulpes vulpes+Mustela erminea+Ursus americanus+Equus caballus,Mammalia+Mammalia+Mammalia+Mammalia+Mammalia+Mammalia+Mammalia+Mammalia+Mammalia,15.395932905627205,8497.07821700278,68,9,0,0,0
Alpaca+Two-Humped Camel,Vicugna pacos+Camelus ferus,Mammalia+Mammalia,12.0,4460.0,73,2,0,0,0
Orca+Bottle-Nose Dolphin,Orcinus orca+Tursiops truncatus,Mammalia+Mammalia,12.0,6377.0,72,2,0,0,0
Narwhal+Orca+Bottle-Nose Dolphin,Monodon monoceros+Orcinus orca+Tursiops truncatus,Mammalia+Mammalia+Mammalia,12.0,8623.078004871606,84,3,0,0,0
Narwhal+Orca+Bottle-Nose Dolphin+North Pacific Minke Whale,Monodon monoceros+Orcinus orca+Tursiops truncatus+Balaenoptera acutorostrata scammoni,Mammalia+Mammalia+Mammalia+Mammalia,11.380898550881753,9467.500186182864,87,4,0,0,0
Goat+Sheep,Capra hircus+Ovis aries,Mammalia+Mammalia,12.999999999999998,8874.5,83,2,0,0,0
Cattle+Goat+Sheep,Bos taurus+Capra hircus+Ovis aries,Mammalia+Mammalia+Mammalia,12.999999999999998,7223.724300823199,82,3,0,0,0
Narwhal+Orca+Bottle-Nose Dolphin+North Pacific Minke Whale+Cattle+Goat+Sheep,Monodon monoceros+Orcinus orca+Tursiops truncatus+Balaenoptera acutorostrata scammoni+Bos taurus+Capra hircus+Ovis aries,Mammalia+Mammalia+Mammalia+Mammalia+Mammalia+Mammalia+Mammalia,12.109629454486011,8457.613604144375,80,7,0,0,0
Narwhal+Orca+Bottle-Nose Dolphin+North Pacific Minke Whale+Cattle+Goat+Sheep+Wild Boar,Monodon monoceros+Orcinus orca+Tursiops truncatus+Balaenoptera acutorostrata scammoni+Bos taurus+Capra hircus+Ovis aries+Sus scrofa,Mammalia+Mammalia+Mammalia+Mammalia+Mammalia+Mammalia+Mammalia+Mammalia,12.720949646443627,7648.578974203014,79,8,0,0,0
Alpaca+Two-Humped Camel+Narwhal+Orca+Bottle-Nose Dolphin+North Pacific Minke Whale+Cattle+Goat+Sheep+Wild Boar,Vicugna pacos+Camelus ferus+Monodon monoceros+Orcinus orca+Tursiops truncatus+Balaenoptera acutorostrata scammoni+Bos taurus+Capra hircus+Ovis aries+Sus scrofa,Mammalia+Mammalia+Mammalia+Mammalia+Mammalia+Mammalia+Mammalia+Mammalia+Mammalia+Mammalia,12.526167890742693,6787.108254507043,94,10,0,0,0
Suricate+Cat+Tiger+Lion+Leopard+Fox+Ermine+American Black Bear+Horse+Alpaca+Two-Humped Camel+Narwhal+Orca+Bottle-Nose Dolphin+North Pacific Minke Whale+Cattle+Goat+Sheep+Wild Boar,Suricata suricatta+Felis catus+Panthera tigris+Panthera leo+Panthera pardus+Vulpes vulpes+Mustela erminea+Ursus americanus+Equus caballus+Vicugna pacos+Camelus ferus+Monodon monoceros+Orcinus orca+Tursiops truncatus+Balaenoptera acutorostrata scammoni+Bos taurus+Capra hircus+Ovis aries+Sus scrofa,Mammalia+Mammalia+Mammalia+Mammalia+Mammalia+Mammalia+Mammalia+Mammalia+Mammalia+Mammalia+Mammalia+Mammalia+Mammalia+Mammalia+Mammalia+Mammalia+Mammalia+Mammalia+Mammalia,14.001168628620196,7665.997969639722,92,19,0,0,0
Suricate+Cat+Tiger+Lion+Leopard+Fox+Ermine+American Black Bear+Horse+Alpaca+Two-Humped Camel+Narwhal+Orca+Bottle-Nose Dolphin+North Pacific Minke Whale+Cattle+Goat+Sheep+Wild Boar+Flying Fox,Suricata suricatta+Felis catus+Panthera tigris+Panthera leo+Panthera pardus+Vulpes vulpes+Mustela erminea+Ursus americanus+Equus caballus+Vicugna pacos+Camelus ferus+Monodon monoceros+Orcinus orca+Tursiops truncatus+Balaenoptera acutorostrata scammoni+Bos taurus+Capra hircus+Ovis aries+Sus scrofa+Pteropus vampyrus,Mammalia+Mammalia+Mammalia+Mammalia+Mammalia+Mammalia+Mammalia+Mammalia+Mammalia+Mammalia+Mammalia+Mammalia+Mammalia+Mammalia+Mammalia+Mammalia+Mammalia+Mammalia+Mammalia+Mammalia,14.000957281287048,8847.31527213704,78,20,0,0,0
Western European Hedgehog+Suricate+Cat+Tiger+Lion+Leopard+Fox+Ermine+American Black Bear+Horse+Alpaca+Two-Humped Camel+Narwhal+Orca+Bottle-Nose Dolphin+North Pacific Minke Whale+Cattle+Goat+Sheep+Wild Boar+Flying Fox,Erinaceus europaeus+Suricata suricatta+Felis catus+Panthera tigris+Panthera leo+Panthera pardus+Vulpes vulpes+Mustela erminea+Ursus americanus+Equus caballus+Vicugna pacos+Camelus ferus+Monodon monoceros+Orcinus orca+Tursiops truncatus+Balaenoptera acutorostrata scammoni+Bos taurus+Capra hircus+Ovis aries+Sus scrofa+Pteropus vampyrus,Mammalia+Mammalia+Mammalia+Mammalia+Mammalia+Mammalia+Mammalia+Mammalia+Mammalia+Mammalia+Mammalia+Mammalia+Mammalia+Mammalia+Mammalia+Mammalia+Mammalia+Mammalia+Mammalia+Mammalia+Mammalia,14.188347866505966,8501.93950395887,98,21,0,0,0
Norway Rat+House Mouse,Rattus norvegicus+Mus musculus,Mammalia+Mammalia,12.759039222889225,12646.747541731633,97,2,0,0,0
Rabbit+Norway Rat+House Mouse,Oryctolagus cuniculus+Rattus norvegicus+Mus musculus,Mammalia+Mammalia+Mammalia,12.394597818360394,11408.120091282102,71,3,0,0,0
Human+Chimpanzee,Homo sapiens+Pan troglodytes,Mammalia+Mammalia,12.482709520914762,13364.222338364487,67,2,0,0,0
Gorilla+Human+Chimpanzee,Gorilla gorilla+Homo sapiens+Pan troglodytes,Mammalia+Mammalia+Mammalia,12.309986159506526,12802.72241898115,66,3,0,0,0
Rhesus Monkey+Pig-Tailed Macaque,Macaca mulatta+Macaca nemestrina,Mammalia+Mammalia,11.999999999999998,7562.2070631989645,46,2,0,0,0
Gorilla+Human+Chimpanzee+Rhesus Monkey+Pig-Tailed Macaque,Gorilla gorilla+Homo sapiens+Pan troglodytes+Macaca mulatta+Macaca nemestrina,Mammalia+Mammalia+Mammalia+Mammalia+Mammalia,12.164031215758843,10335.26024202566,32,5,0,0,0
Common Marmoset+Gorilla+Human+Chimpanzee+Rhesus Monkey+Pig-Tailed Macaque,Callithrix jacchus+Gorilla gorilla+Homo sapiens+Pan troglodytes+Macaca mulatta+Macaca nemestrina,Mammalia+Mammalia+Mammalia+Mammalia+Mammalia+Mammalia,12.482554475241866,8571.0250069942,106,6,0,0,0
Lemur+Common Marmoset+Gorilla+Human+Chimpanzee+Rhesus Monkey+Pig-Tailed Macaque,Lemur catta+Callithrix jacchus+Gorilla gorilla+Homo sapiens+Pan troglodytes+Macaca mulatta+Macaca nemestrina,Mammalia+Mammalia+Mammalia+Mammalia+Mammalia+Mammalia+Mammalia,12.294246240459252,11152.400432928658,104,7,0,0,0
Rabbit+Norway Rat+House Mouse+Lemur+Common Marmoset+Gorilla+Human+Chimpanzee+Rhesus Monkey+Pig-Tailed Macaque,Oryctolagus cuniculus+Rattus norvegicus+Mus musculus+Lemur catta+Callithrix jacchus+Gorilla gorilla+Homo sapiens+Pan troglodytes+Macaca mulatta+Macaca nemestrina,Mammalia+Mammalia+Mammalia+Mammalia+Mammalia+Mammalia+Mammalia+Mammalia+Mammalia+Mammalia,12.342196724130813,11274.589655647744,103,10,0,0,0
Western European Hedgehog+Suricate+Cat+Tiger+Lion+Leopard+Fox+Ermine+American Black Bear+Horse+Alpaca+Two-Humped Camel+Narwhal+Orca+Bottle-Nose Dolphin+North Pacific Minke Whale+Cattle+Goat+Sheep+Wild Boar+Flying Fox+Rabbit+Norway Rat+House Mouse+Lemur+Common Marmoset+Gorilla+Human+Chimpanzee+Rhesus Monkey+Pig-Tailed Macaque,Erinaceus europaeus+Suricata suricatta+Felis catus+Panthera tigris+Panthera leo+Panthera pardus+Vulpes vulpes+Mustela erminea+Ursus americanus+Equus caballus+Vicugna pacos+Camelus ferus+Monodon monoceros+Orcinus orca+Tursiops truncatus+Balaenoptera acutorostrata scammoni+Bos taurus+Capra hircus+Ovis aries+Sus scrofa+Pteropus vampyrus+Oryctolagus cuniculus+Rattus norvegicus+Mus musculus+Lemur catta+Callithrix jacchus+Gorilla gorilla+Homo sapiens+Pan troglodytes+Macaca mulatta+Macaca nemestrina,Mammalia+Mammalia+Mammalia+Mammalia+Mammalia+Mammalia+Mammalia+Mammalia+Mammalia+Mammalia+Mammalia+Mammalia+Mammalia+Mammalia+Mammalia+Mammalia+Mammalia+Mammalia+Mammalia+Mammalia+Mammalia+Mammalia+Mammalia+Mammalia+Mammalia+Mammalia+Mammalia+Mammalia+Mammalia+Mammalia+Mammalia,13.352069793409772,9757.90737842072,31,31,0,0,0
African Bush Elephant+Linne'S Two-Toed Sloth,Loxodonta africana+Choloepus didactylus,Mammalia+Mammalia,21.75,8337.499999999998,30,2,0,0,0
Western European Hedgehog+Suricate+Cat+Tiger+Lion+Leopard+Fox+Ermine+American Black Bear+Horse+Alpaca+Two-Humped Camel+Narwhal+Orca+Bottle-Nose Dolphin+North Pacific Minke Whale+Cattle+Goat+Sheep+Wild Boar+Flying Fox+Rabbit+Norway Rat+House Mouse+Lemur+Common Marmoset+Gorilla+Human+Chimpanzee+Rhesus Monkey+Pig-Tailed Macaque+African Bush Elephant+Linne'S Two-Toed Sloth,Erinaceus europaeus+Suricata suricatta+Felis catus+Panthera tigris+Panthera leo+Panthera pardus+Vulpes vulpes+Mustela erminea+Ursus americanus+Equus caballus+Vicugna pacos+Camelus ferus+Monodon monoceros+Orcinus orca+Tursiops truncatus+Balaenoptera acutorostrata scammoni+Bos taurus+Capra hircus+Ovis aries+Sus scrofa+Pteropus vampyrus+Oryctolagus cuniculus+Rattus norvegicus+Mus musculus+Lemur catta+Callithrix jacchus+Gorilla gorilla+Homo sapiens+Pan troglodytes+Macaca mulatta+Macaca nemestrina+Loxodonta africana+Choloepus didactylus,Mammalia+Mammalia+Mammalia+Mammalia+Mammalia+Mammalia+Mammalia+Mammalia+Mammalia+Mammalia+Mammalia+Mammalia+Mammalia+Mammalia+Mammalia+Mammalia+Mammalia+Mammalia+Mammalia+Mammalia+Mammalia+Mammalia+Mammalia+Mammalia+Mammalia+Mammalia+Mammalia+Mammalia+Mammalia+Mammalia+Mammalia+Mammalia+Mammalia,15.572966212340164,9382.269860299724,111,33,0,0,0
Short-Beaked Echidna+Platypus,Tachyglossus aculeatus+Ornithorhynchus anatinus,Mammalia+Mammalia,16.5,10441.5,29,2,0,0,0
Western European Hedgehog+Suricate+Cat+Tiger+Lion+Leopard+Fox+Ermine+American Black Bear+Horse+Alpaca+Two-Humped Camel+Narwhal+Orca+Bottle-Nose Dolphin+North Pacific Minke Whale+Cattle+Goat+Sheep+Wild Boar+Flying Fox+Rabbit+Norway Rat+House Mouse+Lemur+Common Marmoset+Gorilla+Human+Chimpanzee+Rhesus Monkey+Pig-Tailed Macaque+African Bush Elephant+Linne'S Two-Toed Sloth+Short-Beaked Echidna+Platypus,Erinaceus europaeus+Suricata suricatta+Felis catus+Panthera tigris+Panthera leo+Panthera pardus+Vulpes vulpes+Mustela erminea+Ursus americanus+Equus caballus+Vicugna pacos+Camelus ferus+Monodon monoceros+Orcinus orca+Tursiops truncatus+Balaenoptera acutorostrata scammoni+Bos taurus+Capra hircus+Ovis aries+Sus scrofa+Pteropus vampyrus+Oryctolagus cuniculus+Rattus norvegicus+Mus musculus+Lemur catta+Callithrix jacchus+Gorilla gorilla+Homo sapiens+Pan troglodytes+Macaca mulatta+Macaca nemestrina+Loxodonta africana+Choloepus didactylus+Tachyglossus aculeatus+Ornithorhynchus anatinus,Mammalia+Mammalia+Mammalia+Mammalia+Mammalia+Mammalia+Mammalia+Mammalia+Mammalia+Mammalia+Mammalia+Mammalia+Mammalia+Mammalia+Mammalia+Mammalia+Mammalia+Mammalia+Mammalia+Mammalia+Mammalia+Mammalia+Mammalia+Mammalia+Mammalia+Mammalia+Mammalia+Mammalia+Mammalia+Mammalia+Mammalia+Mammalia+Mammalia+Mammalia+Mammalia,15.921262153536743,9780.233303878184,28,35,0,0,0
Golden Pheasant+Common Pheasant,Chrysolophus pictus+Phasianus colchicus,Aves+Aves,6.25,12749.000000000002,220,0,0,2,0
Chicken+Golden Pheasant+Common Pheasant,Gallus gallus+Chrysolophus pictus+Phasianus colchicus,Aves+Aves+Aves,6.137981512619405,19126.884597501536,218,0,0,3,0
Black Swan+Mute Swan,Cygnus atratus+Cygnus olor,Aves+Aves,7.0,15970.0,212,0,0,2,0
Bar-Headed Goose+Swan Goose,Anser indicus+Anser cygnoides,Aves+Aves,7.499999999999999,12371.5,213,0,0,2,0
Black Swan+Mute Swan+Bar-Headed Goose+Swan Goose,Cygnus atratus+Cygnus olor+Anser indicus+Anser cygnoides,Aves+Aves+Aves+Aves,7.263402615513365,14074.291376150317,211,0,0,4,0
Eastern Spot-Billed Duck+Mallard,Anas zonorhyncha+Anas platyrhynchos,Aves+Aves,6.0,14033.5,206,0,0,2,0
Black Swan+Mute Swan+Bar-Headed Goose+Swan Goose+Eastern Spot-Billed Duck+Mallard,Cygnus atratus+Cygnus olor+Anser indicus+Anser cygnoides+Anas zonorhyncha+Anas platyrhynchos,Aves+Aves+Aves+Aves+Aves+Aves,6.688956325768914,14055.744276124251,205,0,0,6,0
Chicken+Golden Pheasant+Common Pheasant+Black Swan+Mute Swan+Bar-Headed Goose+Swan Goose+Eastern Spot-Billed Duck+Mallard,Gallus gallus+Chrysolophus pictus+Phasianus colchicus+Cygnus atratus+Cygnus olor+Anser indicus+Anser cygnoides+Anas zonorhyncha+Anas platyrhynchos,Aves+Aves+Aves+Aves+Aves+Aves+Aves+Aves+Aves,6.417456062192783,16554.61700320093,204,0,0,9,0
Brown Falcon+Merlin,Falco berigora+Falco columbarius,Aves+Aves,7.0,13890.5,188,0,0,2,0
White Or Black-Backed Wagtail+Zebra Finch,Motacilla alba alba+Taeniopygia guttata,Aves+Aves,6.0,12548.0,151,0,0,2,0
White Or Black-Backed Wagtail+Zebra Finch+Barn Swallow,Motacilla alba alba+Taeniopygia guttata+Hirundo rustica,Aves+Aves+Aves,6.0,10231.243569496848,150,0,0,3,0
Kakapo+Budgerigar,Strigops habroptila+Melopsittacus undulatus,Aves+Aves,6.0,9448.5,166,0,0,2,0
White Or Black-Backed Wagtail+Zebra Finch+Barn Swallow+Kakapo+Budgerigar,Motacilla alba alba+Taeniopygia guttata+Hirundo rustica+Strigops habroptila+Melopsittacus undulatus,Aves+Aves+Aves+Aves+Aves,6.0,9821.279100094853,20,0,0,5,0
Brown Falcon+Merlin+White Or Black-Backed Wagtail+Zebra Finch+Barn Swallow+Kakapo+Budgerigar,Falco berigora+Falco columbarius+Motacilla alba alba+Taeniopygia guttata+Hirundo rustica+Strigops habroptila+Melopsittacus undulatus,Aves+Aves+Aves+Aves+Aves+Aves+Aves,6.274519259677018,10938.358608999066,191,0,0,7,0
California Condor+Steller'S Sea Eagle,Gymnogyps californianus+Haliaeetus pelagicus,Aves+Aves,5.500000000000001,12311.500000000002,167,0,0,2,0
California Condor+Steller'S Sea Eagle+Oriental Scops Owl,Gymnogyps californianus+Haliaeetus pelagicus+Otus sunia,Aves+Aves+Aves,5.318656713513676,13047.209713275019,182,0,0,3,0
Brown Falcon+Merlin+White Or Black-Backed Wagtail+Zebra Finch+Barn Swallow+Kakapo+Budgerigar+California Condor+Steller'S Sea Eagle+Oriental Scops Owl,Falco berigora+Falco columbarius+Motacilla alba alba+Taeniopygia guttata+Hirundo rustica+Strigops habroptila+Melopsittacus undulatus+Gymnogyps californianus+Haliaeetus pelagicus+Otus sunia,Aves+Aves+Aves+Aves+Aves+Aves+Aves+Aves+Aves+Aves,5.838555509453028,11900.194219960478,187,0,0,10,0
Eurasian Woodcock+Common Snipe,Scolopax rusticola+Gallinago gallinago,Aves+Aves,6.5,23277.5,154,0,0,2,0
Ruff+Eurasian Woodcock+Common Snipe,Calidris pugnax+Scolopax rusticola+Gallinago gallinago,Aves+Aves+Aves,7.078589662011359,19339.42589713001,163,0,0,3,0
Common Tern+Razorbill,Sterna hirundo+Alca torda,Aves+Aves,7.5,22686.0,21,0,0,2,0
Common Murre+Common Tern+Razorbill,Uria aalge+Sterna hirundo+Alca torda,Aves+Aves+Aves,7.20586715285072,21890.42947503063,157,0,0,3,0
Atlantic Puffin+Common Murre+Common Tern+Razorbill,Fratercula arctica+Uria aalge+Sterna hirundo+Alca torda,Aves+Aves+Aves+Aves,7.142958885451513,22157.67811417673,156,0,0,4,0
Ruff+Eurasian Woodcock+Common Snipe+Atlantic Puffin+Common Murre+Common Tern+Razorbill,Calidris pugnax+Scolopax rusticola+Gallinago gallinago+Fratercula arctica+Uria aalge+Sterna hirundo+Alca torda,Aves+Aves+Aves+Aves+Aves+Aves+Aves,7.114323417820911,20903.94277571725,161,0,0,7,0
European Golden-Plover+Ruff+Eurasian Woodcock+Common Snipe+Atlantic Puffin+Common Murre+Common Tern+Razorbill,Pluvialis apricaria+Calidris pugnax+Scolopax rusticola+Gallinago gallinago+Fratercula arctica+Uria aalge+Sterna hirundo+Alca torda,Aves+Aves+Aves+Aves+Aves+Aves+Aves+Aves,6.872759925307216,21312.803042756568,153,0,0,8,0
Royal Penguin+Emperor Penguin,Eudyptes schlegeli+Aptenodytes forsteri,Aves+Aves,7.75,14158.500000000002,146,0,0,2,0
Royal Penguin+Emperor Penguin+White Stork,Eudyptes schlegeli+Aptenodytes forsteri+Ciconia ciconia,Aves+Aves+Aves,6.716570863851361,18054.987145118655,144,0,0,3,0
Eurasian Coot+Royal Penguin+Emperor Penguin+White Stork,Fulica atra+Eudyptes schlegeli+Aptenodytes forsteri+Ciconia ciconia,Aves+Aves+Aves+Aves,7.130309116132568,18634.2890613402,143,0,0,4,0
European Golden-Plover+Ruff+Eurasian Woodcock+Common Snipe+Atlantic Puffin+Common Murre+Common Tern+Razorbill+Eurasian Coot+Royal Penguin+Emperor Penguin+White Stork,Pluvialis apricaria+Calidris pugnax+Scolopax rusticola+Gallinago gallinago+Fratercula arctica+Uria aalge+Sterna hirundo+Alca torda+Fulica atra+Eudyptes schlegeli+Aptenodytes forsteri+Ciconia ciconia,Aves+Aves+Aves+Aves+Aves+Aves+Aves+Aves+Aves+Aves+Aves+Aves,6.9770190474617815,20228.507202081328,170,0,0,12,0
Brown Falcon+Merlin+White Or Black-Backed Wagtail+Zebra Finch+Barn Swallow+Kakapo+Budgerigar+California Condor+Steller'S Sea Eagle+Oriental Scops Owl+European Golden-Plover+Ruff+Eurasian Woodcock+Common Snipe+Atlantic Puffin+Common Murre+Common Tern+Razorbill+Eurasian Coot+Royal Penguin+Emperor Penguin+White Stork,Falco berigora+Falco columbarius+Motacilla alba alba+Taeniopygia guttata+Hirundo rustica+Strigops habroptila+Melopsittacus undulatus+Gymnogyps californianus+Haliaeetus pelagicus+Otus sunia+Pluvialis apricaria+Calidris pugnax+Scolopax rusticola+Gallinago gallinago+Fratercula arctica+Uria aalge+Sterna hirundo+Alca torda+Fulica atra+Eudyptes schlegeli+Aptenodytes forsteri+Ciconia ciconia,Aves+Aves+Aves+Aves+Aves+Aves+Aves+Aves+Aves+Aves+Aves+Aves+Aves+Aves+Aves+Aves+Aves+Aves+Aves+Aves+Aves+Aves,6.470111250763026,16520.275323730155,19,0,0,22,0
Brown Falcon+Merlin+White Or Black-Backed Wagtail+Zebra Finch+Barn Swallow+Kakapo+Budgerigar+California Condor+Steller'S Sea Eagle+Oriental Scops Owl+European Golden-Plover+Ruff+Eurasian Woodcock+Common Snipe+Atlantic Puffin+Common Murre+Common Tern+Razorbill+Eurasian Coot+Royal Penguin+Emperor Penguin+White Stork+Common Cuckoo,Falco berigora+Falco columbarius+Motacilla alba alba+Taeniopygia guttata+Hirundo rustica+Strigops habroptila+Melopsittacus undulatus+Gymnogyps californianus+Haliaeetus pelagicus+Otus sunia+Pluvialis apricaria+Calidris pugnax+Scolopax rusticola+Gallinago gallinago+Fratercula arctica+Uria aalge+Sterna hirundo+Alca torda+Fulica atra+Eudyptes schlegeli+Aptenodytes forsteri+Ciconia ciconia+Cuculus canorus,Aves+Aves+Aves+Aves+Aves+Aves+Aves+Aves+Aves+Aves+Aves+Aves+Aves+Aves+Aves+Aves+Aves+Aves+Aves+Aves+Aves+Aves+Aves,6.23077937164938,15665.701272575063,207,0,0,23,0
Chicken+Golden Pheasant+Common Pheasant+Black Swan+Mute Swan+Bar-Headed Goose+Swan Goose+Eastern Spot-Billed Duck+Mallard+Brown Falcon+Merlin+White Or Black-Backed Wagtail+Zebra Finch+Barn Swallow+Kakapo+Budgerigar+California Condor+Steller'S Sea Eagle+Oriental Scops Owl+European Golden-Plover+Ruff+Eurasian Woodcock+Common Snipe+Atlantic Puffin+Common Murre+Common Tern+Razorbill+Eurasian Coot+Royal Penguin+Emperor Penguin+White Stork+Common Cuckoo,Gallus gallus+Chrysolophus pictus+Phasianus colchicus+Cygnus atratus+Cygnus olor+Anser indicus+Anser cygnoides+Anas zonorhyncha+Anas platyrhynchos+Falco berigora+Falco columbarius+Motacilla alba alba+Taeniopygia guttata+Hirundo rustica+Strigops habroptila+Melopsittacus undulatus+Gymnogyps californianus+Haliaeetus pelagicus+Otus sunia+Pluvialis apricaria+Calidris pugnax+Scolopax rusticola+Gallinago gallinago+Fratercula arctica+Uria aalge+Sterna hirundo+Alca torda+Fulica atra+Eudyptes schlegeli+Aptenodytes forsteri+Ciconia ciconia+Cuculus canorus,Aves+Aves+Aves+Aves+Aves+Aves+Aves+Aves+Aves+Aves+Aves+Aves+Aves+Aves+Aves+Aves+Aves+Aves+Aves+Aves+Aves+Aves+Aves+Aves+Aves+Aves+Aves+Aves+Aves+Aves+Aves+Aves,6.2949924451276065,15971.47062685531,225,0,0,32,0
Okarito Kiwi+Emu,Apteryx rowi+Dromaius novaehollandiae,Aves+Aves,8.166666666666666,9486.0,23,0,0,2,0
Chicken+Golden Pheasant+Common Pheasant+Black Swan+Mute Swan+Bar-Headed Goose+Swan Goose+Eastern Spot-Billed Duck+Mallard+Brown Falcon+Merlin+White Or Black-Backed Wagtail+Zebra Finch+Barn Swallow+Kakapo+Budgerigar+California Condor+Steller'S Sea Eagle+Oriental Scops Owl+European Golden-Plover+Ruff+Eurasian Woodcock+Common Snipe+Atlantic Puffin+Common Murre+Common Tern+Razorbill+Eurasian Coot+Royal Penguin+Emperor Penguin+White Stork+Common Cuckoo+Okarito Kiwi+Emu,Gallus gallus+Chrysolophus pictus+Phasianus colchicus+Cygnus atratus+Cygnus olor+Anser indicus+Anser cygnoides+Anas zonorhyncha+Anas platyrhynchos+Falco berigora+Falco columbarius+Motacilla alba alba+Taeniopygia guttata+Hirundo rustica+Strigops habroptila+Melopsittacus undulatus+Gymnogyps californianus+Haliaeetus pelagicus+Otus sunia+Pluvialis apricaria+Calidris pugnax+Scolopax rusticola+Gallinago gallinago+Fratercula arctica+Uria aalge+Sterna hirundo+Alca torda+Fulica atra+Eudyptes schlegeli+Aptenodytes forsteri+Ciconia ciconia+Cuculus canorus+Apteryx rowi+Dromaius novaehollandiae,Aves+Aves+Aves+Aves+Aves+Aves+Aves+Aves+Aves+Aves+Aves+Aves+Aves+Aves+Aves+Aves+Aves+Aves+Aves+Aves+Aves+Aves+Aves+Aves+Aves+Aves+Aves+Aves+Aves+Aves+Aves+Aves+Aves+Aves,6.821210872137666,14148.090194293993,229,0,0,34,0
American Alligator+Australian Saltwater Crocodile,Alligator mississippiensis+Crocodylus porosus,Reptilia+Reptilia,19.0,40224.0,119,0,2,0,0
Chicken+Golden Pheasant+Common Pheasant+Black Swan+Mute Swan+Bar-Headed Goose+Swan Goose+Eastern Spot-Billed Duck+Mallard+Brown Falcon+Merlin+White Or Black-Backed Wagtail+Zebra Finch+Barn Swallow+Kakapo+Budgerigar+California Condor+Steller'S Sea Eagle+Oriental Scops Owl+European Golden-Plover+Ruff+Eurasian Woodcock+Common Snipe+Atlantic Puffin+Common Murre+Common Tern+Razorbill+Eurasian Coot+Royal Penguin+Emperor Penguin+White Stork+Common Cuckoo+Okarito Kiwi+Emu+American Alligator+Australian Saltwater Crocodile,Gallus gallus+Chrysolophus pictus+Phasianus colchicus+Cygnus atratus+Cygnus olor+Anser indicus+Anser cygnoides+Anas zonorhyncha+Anas platyrhynchos+Falco berigora+Falco columbarius+Motacilla alba alba+Taeniopygia guttata+Hirundo rustica+Strigops habroptila+Melopsittacus undulatus+Gymnogyps californianus+Haliaeetus pelagicus+Otus sunia+Pluvialis apricaria+Calidris pugnax+Scolopax rusticola+Gallinago gallinago+Fratercula arctica+Uria aalge+Sterna hirundo+Alca torda+Fulica atra+Eudyptes schlegeli+Aptenodytes forsteri+Ciconia ciconia+Cuculus canorus+Apteryx rowi+Dromaius novaehollandiae+Alligator mississippiensis+Crocodylus porosus,Aves+Aves+Aves+Aves+Aves+Aves+Aves+Aves+Aves+Aves+Aves+Aves+Aves+Aves+Aves+Aves+Aves+Aves+Aves+Aves+Aves+Aves+Aves+Aves+Aves+Aves+Aves+Aves+Aves+Aves+Aves+Aves+Aves+Aves+Reptilia+Reptilia,12.194773171789635,25653.382254939213,228,0,2,34,0
Green Sea Turtle+Snapping Turtle,Chelonia mydas+Chelydra serpentina,Reptilia+Reptilia,9.25,8839.5,224,0,2,0,0
Chinese Soft-Shelled Turtle+Green Sea Turtle+Snapping Turtle,Pelodiscus sinensis+Chelonia mydas+Chelydra serpentina,Reptilia+Reptilia+Reptilia,9.555718885516846,9872.21839527591,234,0,3,0,0
West African Mud Turtle+Chinese Soft-Shelled Turtle+Green Sea Turtle+Snapping Turtle,Pelusios castaneus+Pelodiscus sinensis+Chelonia mydas+Chelydra serpentina,Reptilia+Reptilia+Reptilia+Reptilia,8.722604140017063,10231.05183023137,233,0,4,0,0
Chicken+Golden Pheasant+Common Pheasant+Black Swan+Mute Swan+Bar-Headed Goose+Swan Goose+Eastern Spot-Billed Duck+Mallard+Brown Falcon+Merlin+White Or Black-Backed Wagtail+Zebra Finch+Barn Swallow+Kakapo+Budgerigar+California Condor+Steller'S Sea Eagle+Oriental Scops Owl+European Golden-Plover+Ruff+Eurasian Woodcock+Common Snipe+Atlantic Puffin+Common Murre+Common Tern+Razorbill+Eurasian Coot+Royal Penguin+Emperor Penguin+White Stork+Common Cuckoo+Okarito Kiwi+Emu+American Alligator+Australian Saltwater Crocodile+West African Mud Turtle+Chinese Soft-Shelled Turtle+Green Sea Turtle+Snapping Turtle,Gallus gallus+Chrysolophus pictus+Phasianus colchicus+Cygnus atratus+Cygnus olor+Anser indicus+Anser cygnoides+Anas zonorhyncha+Anas platyrhynchos+Falco berigora+Falco columbarius+Motacilla alba alba+Taeniopygia guttata+Hirundo rustica+Strigops habroptila+Melopsittacus undulatus+Gymnogyps californianus+Haliaeetus pelagicus+Otus sunia+Pluvialis apricaria+Calidris pugnax+Scolopax rusticola+Gallinago gallinago+Fratercula arctica+Uria aalge+Sterna hirundo+Alca torda+Fulica atra+Eudyptes schlegeli+Aptenodytes forsteri+Ciconia ciconia+Cuculus canorus+Apteryx rowi+Dromaius novaehollandiae+Alligator mississippiensis+Crocodylus porosus+Pelusios castaneus+Pelodiscus sinensis+Chelonia mydas+Chelydra serpentina,Aves+Aves+Aves+Aves+Aves+Aves+Aves+Aves+Aves+Aves+Aves+Aves+Aves+Aves+Aves+Aves+Aves+Aves+Aves+Aves+Aves+Aves+Aves+Aves+Aves+Aves+Aves+Aves+Aves+Aves+Aves+Aves+Aves+Aves+Reptilia+Reptilia+Reptilia+Reptilia+Reptilia+Reptilia,10.614025511407744,18632.17663003685,223,0,6,34,0
Sand Lizard+Common Wall Lizard,Lacerta agilis+Podarcis muralis,Reptilia+Reptilia,20.0,10929.5,121,0,2,0,0
Viviparous (Common) Lizard+Sand Lizard+Common Wall Lizard,Zootoca vivipara+Lacerta agilis+Podarcis muralis,Reptilia+Reptilia+Reptilia,20.000000000000004,12308.190835884607,120,0,3,0,0
Viviparous (Common) Lizard+Sand Lizard+Common Wall Lizard+Argentine Black And White Tegu,Zootoca vivipara+Lacerta agilis+Podarcis muralis+Salvator merianae,Reptilia+Reptilia+Reptilia+Reptilia,20.88780004313791,9859.109704835388,136,0,4,0,0
Central Bearded Dragon+Desert Horned Lizard,Pogona vitticeps+Phrynosoma platyrhinos,Reptilia+Reptilia,17.5,8445.999999999998,123,0,2,0,0
Chinese Crocodile Lizard+Komodo Dragon,Shinisaurus crocodilurus+Varanus komodoensis,Reptilia+Reptilia,23.835000000000004,12485.0,124,0,2,0,0
Central Bearded Dragon+Desert Horned Lizard+Chinese Crocodile Lizard+Komodo Dragon,Pogona vitticeps+Phrynosoma platyrhinos+Shinisaurus crocodilurus+Varanus komodoensis,Reptilia+Reptilia+Reptilia+Reptilia,20.35957688801856,10269.177750703542,128,0,4,0,0
Viviparous (Common) Lizard+Sand Lizard+Common Wall Lizard+Argentine Black And White Tegu+Central Bearded Dragon+Desert Horned Lizard+Chinese Crocodile Lizard+Komodo Dragon,Zootoca vivipara+Lacerta agilis+Podarcis muralis+Salvator merianae+Pogona vitticeps+Phrynosoma platyrhinos+Shinisaurus crocodilurus+Varanus komodoensis,Reptilia+Reptilia+Reptilia+Reptilia+Reptilia+Reptilia+Reptilia+Reptilia,20.574608171948846,10102.245541187118,134,0,8,0,0
Viviparous (Common) Lizard+Sand Lizard+Common Wall Lizard+Argentine Black And White Tegu+Central Bearded Dragon+Desert Horned Lizard+Chinese Crocodile Lizard+Komodo Dragon+Common Leopard Gecko,Zootoca vivipara+Lacerta agilis+Podarcis muralis+Salvator merianae+Pogona vitticeps+Phrynosoma platyrhinos+Shinisaurus crocodilurus+Varanus komodoensis+Eublepharis macularius,Reptilia+Reptilia+Reptilia+Reptilia+Reptilia+Reptilia+Reptilia+Reptilia+Reptilia,21.124333949869357,9745.662485622035,139,0,9,0,0
Regal Horned Lizard+Viviparous (Common) Lizard+Sand Lizard+Common Wall Lizard+Argentine Black And White Tegu+Central Bearded Dragon+Desert Horned Lizard+Chinese Crocodile Lizard+Komodo Dragon+Common Leopard Gecko,Sphenodon punctatus+Zootoca vivipara+Lacerta agilis+Podarcis muralis+Salvator merianae+Pogona vitticeps+Phrynosoma platyrhinos+Shinisaurus crocodilurus+Varanus komodoensis+Eublepharis macularius,Reptilia+Reptilia+Reptilia+Reptilia+Reptilia+Reptilia+Reptilia+Reptilia+Reptilia+Reptilia,21.0888222698451,9843.439321986238,133,0,10,0,0
Chicken+Golden Pheasant+Common Pheasant+Black Swan+Mute Swan+Bar-Headed Goose+Swan Goose+Eastern Spot-Billed Duck+Mallard+Brown Falcon+Merlin+White Or Black-Backed Wagtail+Zebra Finch+Barn Swallow+Kakapo+Budgerigar+California Condor+Steller'S Sea Eagle+Oriental Scops Owl+European Golden-Plover+Ruff+Eurasian Woodcock+Common Snipe+Atlantic Puffin+Common Murre+Common Tern+Razorbill+Eurasian Coot+Royal Penguin+Emperor Penguin+White Stork+Common Cuckoo+Okarito Kiwi+Emu+American Alligator+Australian Saltwater Crocodile+West African Mud Turtle+Chinese Soft-Shelled Turtle+Green Sea Turtle+Snapping Turtle+Regal Horned Lizard+Viviparous (Common) Lizard+Sand Lizard+Common Wall Lizard+Argentine Black And White Tegu+Central Bearded Dragon+Desert Horned Lizard+Chinese Crocodile Lizard+Komodo Dragon+Common Leopard Gecko,Gallus gallus+Chrysolophus pictus+Phasianus colchicus+Cygnus atratus+Cygnus olor+Anser indicus+Anser cygnoides+Anas zonorhyncha+Anas platyrhynchos+Falco berigora+Falco columbarius+Motacilla alba alba+Taeniopygia guttata+Hirundo rustica+Strigops habroptila+Melopsittacus undulatus+Gymnogyps californianus+Haliaeetus pelagicus+Otus sunia+Pluvialis apricaria+Calidris pugnax+Scolopax rusticola+Gallinago gallinago+Fratercula arctica+Uria aalge+Sterna hirundo+Alca torda+Fulica atra+Eudyptes schlegeli+Aptenodytes forsteri+Ciconia ciconia+Cuculus canorus+Apteryx rowi+Dromaius novaehollandiae+Alligator mississippiensis+Crocodylus porosus+Pelusios castaneus+Pelodiscus sinensis+Chelonia mydas+Chelydra serpentina+Sphenodon punctatus+Zootoca vivipara+Lacerta agilis+Podarcis muralis+Salvator merianae+Pogona vitticeps+Phrynosoma platyrhinos+Shinisaurus crocodilurus+Varanus komodoensis+Eublepharis macularius,Aves+Aves+Aves+Aves+Aves+Aves+Aves+Aves+Aves+Aves+Aves+Aves+Aves+Aves+Aves+Aves+Aves+Aves+Aves+Aves+Aves+Aves+Aves+Aves+Aves+Aves+Aves+Aves+Aves+Aves+Aves+Aves+Aves+Aves+Reptilia+Reptilia+Reptilia+Reptilia+Reptilia+Reptilia+Reptilia+Reptilia+Reptilia+Reptilia+Reptilia+Reptilia+Reptilia+Reptilia+Reptilia+Reptilia,14.992819248186205,14958.208650879198,203,0,16,34,0
Western European Hedgehog+Suricate+Cat+Tiger+Lion+Leopard+Fox+Ermine+American Black Bear+Horse+Alpaca+Two-Humped Camel+Narwhal+Orca+Bottle-Nose Dolphin+North Pacific Minke Whale+Cattle+Goat+Sheep+Wild Boar+Flying Fox+Rabbit+Norway Rat+House Mouse+Lemur+Common Marmoset+Gorilla+Human+Chimpanzee+Rhesus Monkey+Pig-Tailed Macaque+African Bush Elephant+Linne'S Two-Toed Sloth+Short-Beaked Echidna+Platypus+Chicken+Golden Pheasant+Common Pheasant+Black Swan+Mute Swan+Bar-Headed Goose+Swan Goose+Eastern Spot-Billed Duck+Mallard+Brown Falcon+Merlin+White Or Black-Backed Wagtail+Zebra Finch+Barn Swallow+Kakapo+Budgerigar+California Condor+Steller'S Sea Eagle+Oriental Scops Owl+European Golden-Plover+Ruff+Eurasian Woodcock+Common Snipe+Atlantic Puffin+Common Murre+Common Tern+Razorbill+Eurasian Coot+Royal Penguin+Emperor Penguin+White Stork+Common Cuckoo+Okarito Kiwi+Emu+American Alligator+Australian Saltwater Crocodile+West African Mud Turtle+Chinese Soft-Shelled Turtle+Green Sea Turtle+Snapping Turtle+Regal Horned Lizard+Viviparous (Common) Lizard+Sand Lizard+Common Wall Lizard+Argentine Black And White Tegu+Central Bearded Dragon+Desert Horned Lizard+Chinese Crocodile Lizard+Komodo Dragon+Common Leopard Gecko,Erinaceus europaeus+Suricata suricatta+Felis catus+Panthera tigris+Panthera leo+Panthera pardus+Vulpes vulpes+Mustela erminea+Ursus americanus+Equus caballus+Vicugna pacos+Camelus ferus+Monodon monoceros+Orcinus orca+Tursiops truncatus+Balaenoptera acutorostrata scammoni+Bos taurus+Capra hircus+Ovis aries+Sus scrofa+Pteropus vampyrus+Oryctolagus cuniculus+Rattus norvegicus+Mus musculus+Lemur catta+Callithrix jacchus+Gorilla gorilla+Homo sapiens+Pan troglodytes+Macaca mulatta+Macaca nemestrina+Loxodonta africana+Choloepus didactylus+Tachyglossus aculeatus+Ornithorhynchus anatinus+Gallus gallus+Chrysolophus pictus+Phasianus colchicus+Cygnus atratus+Cygnus olor+Anser indicus+Anser cygnoides+Anas zonorhyncha+Anas platyrhynchos+Falco berigora+Falco columbarius+Motacilla alba alba+Taeniopygia guttata+Hirundo rustica+Strigops habroptila+Melopsittacus undulatus+Gymnogyps californianus+Haliaeetus pelagicus+Otus sunia+Pluvialis apricaria+Calidris pugnax+Scolopax rusticola+Gallinago gallinago+Fratercula arctica+Uria aalge+Sterna hirundo+Alca torda+Fulica atra+Eudyptes schlegeli+Aptenodytes forsteri+Ciconia ciconia+Cuculus canorus+Apteryx rowi+Dromaius novaehollandiae+Alligator mississippiensis+Crocodylus porosus+Pelusios castaneus+Pelodiscus sinensis+Chelonia mydas+Chelydra serpentina+Sphenodon punctatus+Zootoca vivipara+Lacerta agilis+Podarcis muralis+Salvator merianae+Pogona vitticeps+Phrynosoma platyrhinos+Shinisaurus crocodilurus+Varanus komodoensis+Eublepharis macularius,Mammalia+Mammalia+Mammalia+Mammalia+Mammalia+Mammalia+Mammalia+Mammalia+Mammalia+Mammalia+Mammalia+Mammalia+Mammalia+Mammalia+Mammalia+Mammalia+Mammalia+Mammalia+Mammalia+Mammalia+Mammalia+Mammalia+Mammalia+Mammalia+Mammalia+Mammalia+Mammalia+Mammalia+Mammalia+Mammalia+Mammalia+Mammalia+Mammalia+Mammalia+Mammalia+Aves+Aves+Aves+Aves+Aves+Aves+Aves+Aves+Aves+Aves+Aves+Aves+Aves+Aves+Aves+Aves+Aves+Aves+Aves+Aves+Aves+Aves+Aves+Aves+Aves+Aves+Aves+Aves+Aves+Aves+Aves+Aves+Aves+Aves+Reptilia+Reptilia+Reptilia+Reptilia+Reptilia+Reptilia+Reptilia+Reptilia+Reptilia+Reptilia+Reptilia+Reptilia+Reptilia+Reptilia+Reptilia+Reptilia,15.267898128167504,13424.079141336502,199,35,16,34,0
Axolotl+Iberian Ribbed Newt,Ambystoma mexicanum+Pleurodeles waltl,Amphibia+Amphibia,13.750000000000002,10294.0,25,0,0,0,2
Common Toad+Asiatic Toad,Bufo bufo+Bufo gargarizans,Amphibia+Amphibia,7.0,3412.0,37,0,0,0,2
Common Toad+Asiatic Toad+Common Frog,Bufo bufo+Bufo gargarizans+Rana temporaria,Amphibia+Amphibia+Amphibia,7.0,7371.7204108009655,36,0,0,0,3
African Clawed Frog+Western Clawed Frog,Xenopus laevis+Xenopus tropicalis,Amphibia+Amphibia,7.0,11482.0,35,0,0,0,2
Common Toad+Asiatic Toad+Common Frog+African Clawed Frog+Western Clawed Frog,Bufo bufo+Bufo gargarizans+Rana temporaria+Xenopus laevis+Xenopus tropicalis,Amphibia+Amphibia+Amphibia+Amphibia+Amphibia,7.0,9103.20912672438,34,0,0,0,5
European Fire-Bellied Toad+Painted Frog,Bombina bombina+Discoglossus pictus,Amphibia+Amphibia,7.0,8357.0,43,0,0,0,2
Common Toad+Asiatic Toad+Common Frog+African Clawed Frog+Western Clawed Frog+European Fire-Bellied Toad+Painted Frog,Bufo bufo+Bufo gargarizans+Rana temporaria+Xenopus laevis+Xenopus tropicalis+Bombina bombina+Discoglossus pictus,Amphibia+Amphibia+Amphibia+Amphibia+Amphibia+Amphibia+Amphibia,7.0,8816.171783704072,33,0,0,0,7
Axolotl+Iberian Ribbed Newt+Common Toad+Asiatic Toad+Common Frog+African Clawed Frog+Western Clawed Frog+European Fire-Bellied Toad+Painted Frog,Ambystoma mexicanum+Pleurodeles waltl+Bufo bufo+Bufo gargarizans+Rana temporaria+Xenopus laevis+Xenopus tropicalis+Bombina bombina+Discoglossus pictus,Amphibia+Amphibia+Amphibia+Amphibia+Amphibia+Amphibia+Amphibia+Amphibia+Amphibia,9.56999921494573,9378.84102158632,51,0,0,0,9
Western European Hedgehog+Suricate+Cat+Tiger+Lion+Leopard+Fox+Ermine+American Black Bear+Horse+Alpaca+Two-Humped Camel+Narwhal+Orca+Bottle-Nose Dolphin+North Pacific Minke Whale+Cattle+Goat+Sheep+Wild Boar+Flying Fox+Rabbit+Norway Rat+House Mouse+Lemur+Common Marmoset+Gorilla+Human+Chimpanzee+Rhesus Monkey+Pig-Tailed Macaque+African Bush Elephant+Linne'S Two-Toed Sloth+Short-Beaked Echidna+Platypus+Chicken+Golden Pheasant+Common Pheasant+Black Swan+Mute Swan+Bar-Headed Goose+Swan Goose+Eastern Spot-Billed Duck+Mallard+Brown Falcon+Merlin+White Or Black-Backed Wagtail+Zebra Finch+Barn Swallow+Kakapo+Budgerigar+California Condor+Steller'S Sea Eagle+Oriental Scops Owl+European Golden-Plover+Ruff+Eurasian Woodcock+Common Snipe+Atlantic Puffin+Common Murre+Common Tern+Razorbill+Eurasian Coot+Royal Penguin+Emperor Penguin+White Stork+Common Cuckoo+Okarito Kiwi+Emu+American Alligator+Australian Saltwater Crocodile+West African Mud Turtle+Chinese Soft-Shelled Turtle+Green Sea Turtle+Snapping Turtle+Regal Horned Lizard+Viviparous (Common) Lizard+Sand Lizard+Common Wall Lizard+Argentine Black And White Tegu+Central Bearded Dragon+Desert Horned Lizard+Chinese Crocodile Lizard+Komodo Dragon+Common Leopard Gecko+Axolotl+Iberian Ribbed Newt+Common Toad+Asiatic Toad+Common Frog+African Clawed Frog+Western Clawed Frog+European Fire-Bellied Toad+Painted Frog,Erinaceus europaeus+Suricata suricatta+Felis catus+Panthera tigris+Panthera leo+Panthera pardus+Vulpes vulpes+Mustela erminea+Ursus americanus+Equus caballus+Vicugna pacos+Camelus ferus+Monodon monoceros+Orcinus orca+Tursiops truncatus+Balaenoptera acutorostrata scammoni+Bos taurus+Capra hircus+Ovis aries+Sus scrofa+Pteropus vampyrus+Oryctolagus cuniculus+Rattus norvegicus+Mus musculus+Lemur catta+Callithrix jacchus+Gorilla gorilla+Homo sapiens+Pan troglodytes+Macaca mulatta+Macaca nemestrina+Loxodonta africana+Choloepus didactylus+Tachyglossus aculeatus+Ornithorhynchus anatinus+Gallus gallus+Chrysolophus pictus+Phasianus colchicus+Cygnus atratus+Cygnus olor+Anser indicus+Anser cygnoides+Anas zonorhyncha+Anas platyrhynchos+Falco berigora+Falco columbarius+Motacilla alba alba+Taeniopygia guttata+Hirundo rustica+Strigops habroptila+Melopsittacus undulatus+Gymnogyps californianus+Haliaeetus pelagicus+Otus sunia+Pluvialis apricaria+Calidris pugnax+Scolopax rusticola+Gallinago gallinago+Fratercula arctica+Uria aalge+Sterna hirundo+Alca torda+Fulica atra+Eudyptes schlegeli+Aptenodytes forsteri+Ciconia ciconia+Cuculus canorus+Apteryx rowi+Dromaius novaehollandiae+Alligator mississippiensis+Crocodylus porosus+Pelusios castaneus+Pelodiscus sinensis+Chelonia mydas+Chelydra serpentina+Sphenodon punctatus+Zootoca vivipara+Lacerta agilis+Podarcis muralis+Salvator merianae+Pogona vitticeps+Phrynosoma platyrhinos+Shinisaurus crocodilurus+Varanus komodoensis+Eublepharis macularius+Ambystoma mexicanum+Pleurodeles waltl+Bufo bufo+Bufo gargarizans+Rana temporaria+Xenopus laevis+Xenopus tropicalis+Bombina bombina+Discoglossus pictus,Mammalia+Mammalia+Mammalia+Mammalia+Mammalia+Mammalia+Mammalia+Mammalia+Mammalia+Mammalia+Mammalia+Mammalia+Mammalia+Mammalia+Mammalia+Mammalia+Mammalia+Mammalia+Mammalia+Mammalia+Mammalia+Mammalia+Mammalia+Mammalia+Mammalia+Mammalia+Mammalia+Mammalia+Mammalia+Mammalia+Mammalia+Mammalia+Mammalia+Mammalia+Mammalia+Aves+Aves+Aves+Aves+Aves+Aves+Aves+Aves+Aves+Aves+Aves+Aves+Aves+Aves+Aves+Aves+Aves+Aves+Aves+Aves+Aves+Aves+Aves+Aves+Aves+Aves+Aves+Aves+Aves+Aves+Aves+Aves+Aves+Aves+Reptilia+Reptilia+Reptilia+Reptilia+Reptilia+Reptilia+Reptilia+Reptilia+Reptilia+Reptilia+Reptilia+Reptilia+Reptilia+Reptilia+Reptilia+Reptilia+Amphibia+Amphibia+Amphibia+Amphibia+Amphibia+Amphibia+Amphibia+Amphibia+Amphibia,13.032748329474256,11837.228741438235,root,35,16,34,9
